id,timestamp,lat,lng,speed,hour,day_of_week,is_weekend,future_lat,future_lng,future_timestamp,actual_time_seconds,distance_meters,theoretical_time_seconds,delay_seconds
-OmdLX_bEq0E2xcLXsQa,2026-03-01 09:04:53,6.432073,79.998575,0.0,9,6,1,6.436882833,79.995826,2026-03-01 09:06:20,87.0,615.0656294720185,442.8472532198533,-355.8472532198533
-OmdM4Hqed1cAXfwAM6j,2026-03-01 09:05:10,6.432838833,79.998216667,0.0,9,6,1,6.438347167,79.99489,2026-03-01 09:06:38,88.0,714.3304543639466,514.3179271420415,-426.3179271420415
-OmdM5NaRIqfNUQZ7mYR,2026-03-01 09:05:28,6.433053333,79.998118833,0.0,9,6,1,6.439588833,79.9941125,2026-03-01 09:06:56,88.0,850.9265313642492,612.6671025822594,-524.6671025822594
-OmdMDZtBbhxu6IMgpDY,2026-03-01 09:05:45,6.435582833,79.996666167,66.24938,9,6,1,6.440112167,79.993765,2026-03-01 09:07:13,88.0,597.0020300799065,32.441168631127766,55.558831368872234
-OmdMHDUoFSmuwyPQPld,2026-03-01 09:06:03,6.436640167,79.995983333,28.57806,9,6,1,6.440398333,79.993596833,2026-03-01 09:07:31,88.0,494.13073900577467,62.24602581213661,25.753974187863392
-OmdMID5yOOb3tr9GDg5,2026-03-01 09:06:20,6.436882833,79.995826,0.0,9,6,1,6.441172333,79.993121667,2026-03-01 09:07:48,88.0,562.8402127582094,405.2449531859108,-317.2449531859108
-OmdMLtiXGOWTHYsQgiz,2026-03-01 09:06:38,6.438347167,79.99489,0.0,9,6,1,6.441763167,79.992760667,2026-03-01 09:08:06,88.0,446.80542212827686,321.69990393235935,-233.69990393235935
-OmdMOjmKZwveeRyUD2W,2026-03-01 09:06:56,6.439588833,79.9941125,33.26585,9,6,1,6.442599167,79.992194167,2026-03-01 09:08:24,88.0,396.2004979931857,42.87645717080635,45.12354282919365
-OmdMPmV-A6p9Gc86sde,2026-03-01 09:07:13,6.440112167,79.993765,0.0,9,6,1,6.444514333,79.990924333,2026-03-01 09:08:41,88.0,581.4853095724214,418.6694228921435,-330.6694228921435
-OmdMQnOrUDmocK6wiR5,2026-03-01 09:07:31,6.440398333,79.993596833,7.53809,9,6,1,6.444976667,79.990633167,2026-03-01 09:08:59,88.0,605.3118078407882,289.08151908863346,-201.08151908863346
-OmdMSmv1C7Px7Mscs59,2026-03-01 09:07:48,6.441172333,79.993121667,20.62389,9,6,1,6.44562,79.990214833,2026-03-01 09:09:16,88.0,589.7002861621252,102.93504427068078,-14.935044270680777
-OmdMUhF7BW9Ivyws6Gc,2026-03-01 09:08:06,6.441763167,79.992760667,15.72307,9,6,1,6.446484,79.989654833,2026-03-01 09:09:34,88.0,627.1527972483259,143.5947350036585,-55.59473500365851
-OmdMZKZBs2GrHvpq_Z-,2026-03-01 09:08:24,6.442599167,79.992194167,22.92606,9,6,1,6.446922167,79.989335333,2026-03-01 09:09:52,88.0,575.1937409569591,90.32068604221801,-2.3206860422180142
-OmdMczX3nvD6ssXKnZ7,2026-03-01 09:08:41,6.444514333,79.990924333,52.17039,9,6,1,6.449253667,79.987614167,2026-03-01 09:10:09,88.0,641.4737441154717,44.264677316303334,43.735322683696666
-OmdMdxMm4KdnJUjWQBh,2026-03-01 09:08:59,6.444976667,79.990633167,12.4064,9,6,1,6.451619167,79.986318167,2026-03-01 09:10:27,88.0,879.1236523617057,255.09778408741784,-167.09778408741784
-OmdMevgGjsFGA1h2Ksj,2026-03-01 09:09:16,6.44562,79.990214833,0.0,9,6,1,6.452033667,79.986175,2026-03-01 09:10:44,88.0,841.3385978947681,605.763790484233,-517.763790484233
-OmdMgpsHeH9oxCUOU_l,2026-03-01 09:09:34,6.446484,79.989654833,0.0,9,6,1,6.452469333,79.986020333,2026-03-01 09:11:02,88.0,777.3084600147282,559.6620912106043,-471.66209121060433
-OmdMilDzMrCSKEP5fwJ,2026-03-01 09:09:52,6.446922167,79.989335333,0.0,9,6,1,6.452682167,79.9859505,2026-03-01 09:11:20,88.0,741.6803429759822,534.0098469427072,-446.0098469427072
-OmdMp8MoVr-gs_vSc-o,2026-03-01 09:10:09,6.449253667,79.987614167,65.7745,9,6,1,6.4550235,79.985187,2026-03-01 09:11:37,88.0,695.3704403977806,38.059332802712454,49.940667197287546
-OmdMvXnawWxp845d6og,2026-03-01 09:10:27,6.451619167,79.986318167,61.26592,9,6,1,6.455394833,79.9850565,2026-03-01 09:11:55,88.0,442.37344422122817,25.993968574966654,62.00603142503334
-OmdMwcOXmyalVJyHAgo,2026-03-01 09:10:44,6.452033667,79.986175,0.0,9,6,1,6.456146167,79.985148667,2026-03-01 09:12:12,88.0,471.13995214104625,339.2207655415533,-251.2207655415533
-OmdMxa1DGGAzhyrz0Yb,2026-03-01 09:11:02,6.452469333,79.986020333,10.50878,9,6,1,6.4562895,79.9852625,2026-03-01 09:12:30,88.0,432.95725575655626,148.31846519991876,-60.31846519991876
-OmdMyX8T_9tsrm6Icd3,2026-03-01 09:11:20,6.452682167,79.9859505,5.09222,9,6,1,6.456981,79.985935167,2026-03-01 09:12:48,88.0,478.0114222507285,337.9353445260854,-249.93534452608537
-OmdN3491VmLYKwFAkH6,2026-03-01 09:11:37,6.4550235,79.985187,0.0,9,6,1,6.4578185,79.986758,2026-03-01 09:13:05,88.0,355.97765039004156,256.30390828082994,-168.30390828082994
-OmdN518nFIS525nwYis,2026-03-01 09:11:55,6.455394833,79.9850565,0.0,9,6,1,6.458984333,79.986954833,2026-03-01 09:13:23,88.0,450.8896179352034,324.64052491334644,-236.64052491334644
-OmdN6x4NAmMYtP5n-WO,2026-03-01 09:12:12,6.456146167,79.985148667,17.21732,9,6,1,6.4593,79.9869705,2026-03-01 09:13:40,88.0,404.35455828704147,84.54721233231125,3.452787667688753
-OmdN7umNwIPPx8F2RbB,2026-03-01 09:12:30,6.4562895,79.9852625,4.15339,9,6,1,6.459699167,79.986965167,2026-03-01 09:13:58,88.0,423.2457673867739,304.7369525184772,-216.7369525184772
-OmdN9n2t6RPF6lvI1Mt,2026-03-01 09:12:48,6.456981,79.985935167,21.87685,9,6,1,6.460056333,79.986971833,2026-03-01 09:14:16,88.0,360.6343416641689,59.34508990055734,28.65491009944266
-OmdNCgHWQbAIRqUy9wn,2026-03-01 09:13:05,6.4578185,79.986758,26.62404,9,6,1,6.460688,79.987026667,2026-03-01 09:14:33,88.0,320.451715706552,43.33024501704426,44.66975498295574
-OmdNGQjcvGiuqH50kr7,2026-03-01 09:13:23,6.458984333,79.986954833,26.89016,9,6,1,6.461,79.987035,2026-03-01 09:14:51,88.0,224.30689883315804,30.029751991039433,57.97024800896057
-OmdNHReU5UyIe-_AQ69,2026-03-01 09:13:40,6.4593,79.9869705,7.1893,9,6,1,6.461668667,79.987093,2026-03-01 09:15:08,88.0,263.73129212527186,132.06190472660464,-44.06190472660464
-OmdNJKtFfmZjGecPqSh,2026-03-01 09:13:58,6.459699167,79.986965167,0.0,9,6,1,6.462930167,79.9871485,2026-03-01 09:15:26,88.0,359.84139221128385,259.0858023921244,-171.08580239212438
-OmdNM6c1LHRTONaZF5I,2026-03-01 09:14:16,6.460056333,79.986971833,8.12596,9,6,1,6.463303167,79.987165333,2026-03-01 09:15:44,88.0,361.6639402208825,160.22601450107769,-72.22601450107769
-OmdNPjdancni_5mwGyU,2026-03-01 09:14:33,6.460688,79.987026667,14.42208,9,6,1,6.463719167,79.987176833,2026-03-01 09:16:01,88.0,337.4585133946262,84.23546729879838,3.7645327012016168
-OmdNQoQyh-EQp_v8bYt,2026-03-01 09:14:51,6.461,79.987035,7.09966,9,6,1,6.4644615,79.987166667,2026-03-01 09:16:19,88.0,385.17606105925705,195.3098908698903,-107.3098908698903
-OmdNSeB7OOEd2Fz61kW,2026-03-01 09:15:08,6.461668667,79.987093,15.26676,9,6,1,6.465475667,79.986953333,2026-03-01 09:16:36,88.0,423.60026080104257,99.88766043900299,-11.887660439002985
-OmdNWtwPBArLhKGGwWq,2026-03-01 09:15:26,6.462930167,79.9871485,28.72313,9,6,1,6.467984833,79.986083,2026-03-01 09:16:54,88.0,574.2498698905953,71.97333757171111,16.026662428288887
-OmdNXtSrwwEuSrfteE_,2026-03-01 09:15:44,6.463303167,79.987165333,8.49327,9,6,1,6.468857833,79.985771667,2026-03-01 09:17:12,88.0,636.5556213941818,269.81365681522595,-181.81365681522595
-OmdNZnAL9u9v3GitycE,2026-03-01 09:16:01,6.463719167,79.987176833,9.46645,9,6,1,6.469008833,79.9857075,2026-03-01 09:17:29,88.0,610.1767622886424,232.04436132226047,-144.04436132226047
-OmdNbXI1dO-Z40_HJSv,2026-03-01 09:16:19,6.4644615,79.987166667,16.88764,9,6,1,6.4695205,79.985522667,2026-03-01 09:17:47,88.0,591.1339302095395,126.01418248815949,-38.01418248815949
-OmdNf8rumoSTYWUbItW,2026-03-01 09:16:36,6.465475667,79.986953333,0.0,9,6,1,6.470015167,79.985343333,2026-03-01 09:18:04,88.0,535.1962105277364,385.3412715799702,-297.3412715799702
-OmdNkilIxyBW-r0rNmx,2026-03-01 09:16:54,6.467984833,79.986083,0.0,9,6,1,6.470621667,79.9851275,2026-03-01 09:18:22,88.0,311.6292872161448,224.37308679562426,-136.37308679562426
-OmdNnVaf1o6rZh0TyWs,2026-03-01 09:17:12,6.468857833,79.985771667,21.06832,9,6,1,6.471664167,79.984756167,2026-03-01 09:18:40,88.0,331.60809705641475,56.66275950826136,31.33724049173864
-OmdNoU5NYLs9EUUUSwK,2026-03-01 09:17:29,6.469008833,79.9857075,3.72849,9,6,1,6.472400333,79.984466167,2026-03-01 09:18:57,88.0,401.2829101172901,288.9236952844489,-200.9236952844489
-OmdNqNV-PqotVtDxtVl,2026-03-01 09:17:47,6.4695205,79.985522667,0.0,9,6,1,6.472768167,79.984323167,2026-03-01 09:19:15,88.0,384.67443580757765,276.96559378145594,-188.96559378145594
-OmdNrIrE5ecGPCZdPRu,2026-03-01 09:18:04,6.470015167,79.985343333,0.0,9,6,1,6.473351833,79.984106,2026-03-01 09:19:32,88.0,395.40520610801246,284.691748397769,-196.691748397769
-OmdNtICQwSPnazJWqDG,2026-03-01 09:18:22,6.470621667,79.9851275,14.63334,9,6,1,6.4739795,79.983853,2026-03-01 09:19:50,88.0,399.04500551938315,98.17048055124661,-10.170480551246612
-OmdNwAX31YV6j5EAFSL,2026-03-01 09:18:40,6.471664167,79.984756167,0.0,9,6,1,6.474565833,79.983627667,2026-03-01 09:20:08,88.0,345.9036643386826,249.05063832385147,-161.05063832385147
-OmdNy4xcKS4H9rME2ss,2026-03-01 09:18:57,6.472400333,79.984466167,0.0,9,6,1,6.474685167,79.983569,2026-03-01 09:20:25,88.0,272.71433851701966,196.35432373225416,-108.35432373225416
-OmdNztY02DEjpgSP1tX,2026-03-01 09:19:15,6.472768167,79.984323167,8.9698,9,6,1,6.474916333,79.9834885,2026-03-01 09:20:43,88.0,256.0486176875782,102.76427832006081,-14.76427832006081
-OmdO0lX2GvZ8g53n0hl,2026-03-01 09:19:32,6.473351833,79.984106,14.15511,9,6,1,6.475166833,79.983404,2026-03-01 09:21:00,88.0,216.2094763639593,54.98750026741251,33.01249973258749
-OmdO3VLSfrqvU09YUs_,2026-03-01 09:19:50,6.4739795,79.983853,15.38029,9,6,1,6.476985833,79.982799167,2026-03-01 09:21:18,88.0,353.9856383596712,82.85593432209772,5.144065677902276
-OmdO8CbycE643m1gEvh,2026-03-01 09:20:08,6.474565833,79.983627667,14.27683,9,6,1,6.478952667,79.983092333,2026-03-01 09:21:36,88.0,491.36645029437204,123.90139975468918,-35.90139975468918
-OmdO99r2j1vLlyPJdgT,2026-03-01 09:20:25,6.474685167,79.983569,3.02108,9,6,1,6.4796455,79.983216333,2026-03-01 09:21:53,88.0,552.9384468383927,398.11568172364275,-310.11568172364275
-OmdOAEu3SJ1ZA_hlCSs,2026-03-01 09:20:43,6.474916333,79.9834885,5.56429,9,6,1,6.479990667,79.983228,2026-03-01 09:22:11,88.0,564.973775399444,365.52832282968683,-277.52832282968683
-OmdOBGSnAJIAHRcGuP7,2026-03-01 09:21:00,6.475166833,79.983404,0.0,9,6,1,6.480433,79.983226667,2026-03-01 09:22:28,88.0,585.8987369447198,421.8470906001982,-333.8470906001982
-OmdOHpTJRNK-zEL7al3,2026-03-01 09:21:18,6.476985833,79.982799167,43.57715,9,6,1,6.481451167,79.983246,2026-03-01 09:22:46,88.0,498.9707408019784,41.221022184496285,46.778977815503715
-OmdOQAWYzed6tCUJzyd,2026-03-01 09:21:36,6.478952667,79.983092333,45.22819,9,6,1,6.4818565,79.983264167,2026-03-01 09:23:04,88.0,323.4491439946086,25.74537956041555,62.25462043958445
-OmdPz2hfWPgtJqsLikh,2026-03-01 09:21:53,6.4796455,79.983216333,0.0,9,6,1,6.482206,79.983289333,2026-03-01 09:23:21,88.0,284.8288239189323,205.07675322163126,-117.07675322163126
-OmdQ-0JjRrvQ8F2XVk5,2026-03-01 09:22:11,6.479990667,79.983228,0.0,9,6,1,6.483843667,79.983369333,2026-03-01 09:23:39,88.0,428.7185172835945,308.67733244418804,-220.67733244418804
-OmdQ-zU7cPwRHwV8RZR,2026-03-01 09:22:28,6.480433,79.983226667,0.0,9,6,1,6.484286167,79.983313667,2026-03-01 09:23:56,88.0,428.56042966968926,308.56350936217626,-220.56350936217626
-OmdQ2ekzGyE_GN_viom,2026-03-01 09:22:46,6.481451167,79.983246,23.16468,9,6,1,6.4853045,79.983256167,2026-03-01 09:24:14,88.0,428.47255268811335,66.58849548870124,21.41150451129876
-OmdQ3eeGBRp_nKw0JSO,2026-03-01 09:23:04,6.4818565,79.983264167,9.22937,9,6,1,6.4861685,79.983202333,2026-03-01 09:24:32,88.0,479.5211907400149,187.04161678034944,-99.04161678034944
-OmdQ4nxUHyibyuOpnit,2026-03-01 09:23:21,6.482206,79.983289333,0.0,9,6,1,6.486641,79.983178333,2026-03-01 09:24:49,88.0,493.3019630738383,355.1774134131636,-267.1774134131636
-OmdQ7dVIj6nCgM6XX3B,2026-03-01 09:23:39,6.483843667,79.983369333,0.0,9,6,1,6.487161167,79.983127833,2026-03-01 09:25:07,88.0,369.8528538913284,266.29405480175643,-178.29405480175643
-OmdQ8cWqkhlUMoI746Z,2026-03-01 09:23:56,6.484286167,79.983313667,0.0,9,6,1,6.487724333,79.983085667,2026-03-01 09:25:24,88.0,383.13560738401657,275.85763731649195,-187.85763731649195
-OmdQAZSENqhKz5wELrl,2026-03-01 09:24:14,6.4853045,79.983256167,0.0,9,6,1,6.489048167,79.9826335,2026-03-01 09:25:42,88.0,421.92295867970176,303.7845302493853,-215.78453024938528
-OmdQDQGNu-VWJomlSBN,2026-03-01 09:24:32,6.4861685,79.983202333,19.6913,9,6,1,6.489680333,79.982527833,2026-03-01 09:26:00,88.0,397.5449975724827,72.67991403619557,15.32008596380443
-OmdQG2qAom10yqG9FFS,2026-03-01 09:24:49,6.486641,79.983178333,0.0,9,6,1,6.4905865,79.982349,2026-03-01 09:26:17,88.0,448.1856340851231,322.69365654128865,-234.69365654128865
-OmdQIn6P33kIvDdo5Nn,2026-03-01 09:25:07,6.487161167,79.983127833,11.88732,9,6,1,6.491479667,79.982231833,2026-03-01 09:26:35,88.0,490.29276515621103,148.48207624278302,-60.48207624278302
-OmdQLS-xElCeGzXn6Ru,2026-03-01 09:25:24,6.487724333,79.983085667,12.84591,9,6,1,6.4926285,79.981865833,2026-03-01 09:26:52,88.0,561.725224670022,157.42059603500874,-69.42059603500874
-OmdQPExAOqazchKjxp9,2026-03-01 09:25:42,6.489048167,79.9826335,31.80054,9,6,1,6.493787167,79.981626167,2026-03-01 09:27:10,88.0,538.5769786811529,60.969943379959915,27.030056620040085
-OmdQR8O5kzXLuExZABi,2026-03-01 09:26:00,6.489680333,79.982527833,14.57704,9,6,1,6.4942385,79.981557833,2026-03-01 09:27:28,88.0,518.05092779956,127.93978339075804,-39.93978339075804
-OmdQTpIbQqAasJvUZ5S,2026-03-01 09:26:17,6.4905865,79.982349,21.0054,9,6,1,6.494679,79.981491333,2026-03-01 09:27:45,88.0,464.82596416696646,79.6639659802279,8.3360340197721
-OmdQWamLwA3eWA8mt5Y,2026-03-01 09:26:35,6.491479667,79.982231833,20.489,9,6,1,6.494997333,79.981439833,2026-03-01 09:28:03,88.0,400.81439251031554,70.42470657607183,17.575293423928173
-OmdQZP6oN5HkBfgXxat,2026-03-01 09:26:52,6.4926285,79.981865833,27.41084,9,6,1,6.495934,79.981221833,2026-03-01 09:28:20,88.0,374.3779896633615,49.16889678638456,38.83110321361544
-OmdQb3rX7gTRnnehZXi,2026-03-01 09:27:10,6.493787167,79.981626167,26.90742,9,6,1,6.497488167,79.9809465,2026-03-01 09:28:38,88.0,418.3270230526043,55.968847365870666,32.031152634129334
-OmdQc2CeevcQqe0c6Gb,2026-03-01 09:27:28,6.4942385,79.981557833,10.38213,9,6,1,6.4981055,79.980903167,2026-03-01 09:28:56,88.0,436.0314587602477,151.1937580763188,-63.1937580763188
-OmdQd7_lLnCBjC1lyJb,2026-03-01 09:27:45,6.494679,79.981491333,10.13228,9,6,1,6.498753833,79.980769833,2026-03-01 09:29:13,88.0,460.0590073680151,163.45900690909198,-75.45900690909198
-OmdQe7K8VvS03QHRzkY,2026-03-01 09:28:03,6.494997333,79.981439833,7.33417,9,6,1,6.499362667,79.980269333,2026-03-01 09:29:31,88.0,502.33369825277305,246.5720475132132,-158.5720475132132
-OmdQghr3JvU6iiUlWHR,2026-03-01 09:28:20,6.495934,79.981221833,21.86892,9,6,1,6.5004525,79.979798167,2026-03-01 09:29:48,88.0,526.4784204545782,86.66739434944577,1.3326056505542283
-OmdQjc6pGFC7BRK3qiY,2026-03-01 09:28:38,6.497488167,79.9809465,0.0,9,6,1,6.50248,79.980091667,2026-03-01 09:30:06,88.0,563.0436313045878,405.39141453930324,-317.39141453930324
-OmdQlQiqNDKF2Ro1X9I,2026-03-01 09:28:56,6.4981055,79.980903167,14.07677,9,6,1,6.502983167,79.980323167,2026-03-01 09:30:24,88.0,546.1439730766368,139.6711250575162,-51.67112505751621
-OmdQnIf8GSlWPoIbPyP,2026-03-01 09:29:13,6.498753833,79.980769833,15.05256,9,6,1,6.503599167,79.980625667,2026-03-01 09:30:41,88.0,539.0119327755716,128.91115916442504,-40.911159164425044
-OmdQpzntuaMNVE3gN-H,2026-03-01 09:29:31,6.499362667,79.980269333,0.0,9,6,1,6.5047895,79.980883,2026-03-01 09:30:59,88.0,607.2329855803526,437.20774961785395,-349.20774961785395
-OmdQsfnIIQOBcI-81b7,2026-03-01 09:29:48,6.5004525,79.979798167,26.98111,9,6,1,6.506323,79.9809695,2026-03-01 09:31:16,88.0,665.4734472935542,88.79191442667832,-0.7919144266783178
-OmdQxJEm3AGg0_vPYG0,2026-03-01 09:30:06,6.50248,79.980091667,46.59476,9,6,1,6.506776667,79.981047167,2026-03-01 09:31:34,88.0,489.2906700605934,37.80353010119885,50.19646989880115
-OmdQyHS5RupRpouoGnF,2026-03-01 09:30:24,6.502983167,79.980323167,12.58487,9,6,1,6.5085295,79.981664333,2026-03-01 09:31:51,87.0,634.273685827533,181.43892380128827,-94.43892380128827
-OmdR-Hs0zUXpzmcgYVX,2026-03-01 09:30:41,6.503599167,79.980625667,0.0,9,6,1,6.5096425,79.981901833,2026-03-01 09:32:09,88.0,686.6190884866512,494.36574371038887,-406.36574371038887
-OmdR24-QymYZ_EpH_VK,2026-03-01 09:30:59,6.5047895,79.980883,0.0,9,6,1,6.510018,79.981973667,2026-03-01 09:32:27,88.0,593.7380951726373,427.49142852429884,-339.49142852429884
-OmdR5o1m5gT43_5nu7K,2026-03-01 09:31:16,6.506323,79.9809695,0.0,9,6,1,6.511078167,79.981848833,2026-03-01 09:32:44,88.0,537.6007853988871,387.0725654871987,-299.0725654871987
-OmdR6n-H3HSePnC7yHS,2026-03-01 09:31:34,6.506776667,79.981047167,0.0,9,6,1,6.51149,79.981715667,2026-03-01 09:33:02,88.0,529.2768395293866,381.07932446115836,-293.07932446115836
-OmdRCQYh5kUXi8GnmwH,2026-03-01 09:31:51,6.5085295,79.981664333,0.0,9,6,1,6.5120085,79.981528333,2026-03-01 09:33:19,88.0,387.1388222958885,278.7399520530397,-190.7399520530397
-OmdRGzlWw79oFSOox0L,2026-03-01 09:32:09,6.5096425,79.981901833,25.8805,9,6,1,6.512435167,79.981422833,2026-03-01 09:33:37,88.0,315.00719540876514,43.81777413386737,44.18222586613263
-OmdRI2O0rx_wJhPPM23,2026-03-01 09:32:27,6.510018,79.981973667,8.69453,9,6,1,6.513377667,79.9810755,2026-03-01 09:33:55,88.0,386.5314041439896,160.04465507834954,-72.04465507834954
-OmdRJvP1f7PeaTRNoi9,2026-03-01 09:32:44,6.511078167,79.981848833,0.0,9,6,1,6.5138105,79.980839833,2026-03-01 09:34:12,88.0,323.62553507664,233.0103852551808,-145.0103852551808
-OmdRKzYNmlVNumflyG8,2026-03-01 09:33:02,6.51149,79.981715667,9.83966,9,6,1,6.514272167,79.980619,2026-03-01 09:34:30,88.0,332.2414080800007,121.55593476685195,-33.55593476685195
-OmdRLyCf6clNOqA8Xwl,2026-03-01 09:33:19,6.5120085,79.981528333,12.53137,9,6,1,6.515525,79.980440333,2026-03-01 09:34:47,88.0,409.07467334125465,117.51858129067425,-29.51858129067425
-OmdRMxQMdS7-KYbdAJf,2026-03-01 09:33:37,6.512435167,79.981422833,0.0,9,6,1,6.5163815,79.980327667,2026-03-01 09:35:05,88.0,455.18665133677024,327.7343889624746,-239.7343889624746
-OmdRP2EJdSVyaXY_7Vp,2026-03-01 09:33:55,6.513377667,79.9810755,0.0,9,6,1,6.516719667,79.9802615,2026-03-01 09:35:23,88.0,382.33967110376733,275.28456319471246,-187.28456319471246
-OmdRQ15UTzgdmIuX9zb,2026-03-01 09:34:12,6.5138105,79.980839833,11.19409,9,6,1,6.517129833,79.9801455,2026-03-01 09:35:40,88.0,376.97970580428705,121.2360219451008,-33.2360219451008
-OmdRR0-va_RoIQjw_4a,2026-03-01 09:34:30,6.514272167,79.980619,11.62732,9,6,1,6.517457833,79.980026,2026-03-01 09:35:58,88.0,360.2370449989151,111.53501941944441,-23.53501941944441
-OmdRT-CShsOPHrA5gFK,2026-03-01 09:34:47,6.515525,79.980440333,28.78322,9,6,1,6.518323,79.9796595,2026-03-01 09:36:15,88.0,322.8609429924434,40.38114549980149,47.61885450019851
-OmdRUyW4D0GcQ4BoiXJ,2026-03-01 09:35:05,6.5163815,79.980327667,19.64875,9,6,1,6.521182167,79.979458833,2026-03-01 09:36:33,88.0,542.3708142605939,99.37196673264904,-11.371966732649042
-OmdRVycxApR51tK9xRl,2026-03-01 09:35:23,6.516719667,79.9802615,7.83639,9,6,1,6.521646167,79.9796505,2026-03-01 09:36:51,88.0,551.9449028524634,253.56084246303058,-165.56084246303058
-OmdRWx8N6GQp_WW-WU9,2026-03-01 09:35:40,6.517129833,79.9801455,9.69149,9,6,1,6.522650333,79.979895333,2026-03-01 09:37:08,88.0,614.4734356689578,228.252246910253,-140.252246910253
-OmdRXvAVFxr2aNgu7qP,2026-03-01 09:35:58,6.517457833,79.980026,7.93487,9,6,1,6.523103833,79.979864833,2026-03-01 09:37:26,88.0,628.0589867384987,284.9463636151059,-196.9463636151059
-OmdRZlGxVySj_3PqrCM,2026-03-01 09:36:15,6.518323,79.9796595,0.0,9,6,1,6.523520167,79.979779,2026-03-01 09:37:43,88.0,578.0493784961451,416.1955525172245,-328.1955525172245
-OmdRhjCwnVyIQa1o8QZ,2026-03-01 09:36:33,6.521182167,79.979458833,65.19627,9,6,1,6.523849667,79.979687833,2026-03-01 09:38:01,88.0,297.6894115431782,16.43777905630861,71.56222094369139
-OmdRjd1NPln34lISl53,2026-03-01 09:36:51,6.521646167,79.9796505,11.40905,9,6,1,6.527567167,79.978617833,2026-03-01 09:38:19,88.0,668.1961464987471,210.84193051967426,-122.84193051967426
-OmdRlSsvGFLsjwLyIzS,2026-03-01 09:37:08,6.522650333,79.979895333,0.0,9,6,1,6.532548167,79.977188333,2026-03-01 09:38:36,88.0,1140.4950105187718,821.1564075735157,-733.1564075735157
-OmdRmVlXwb3F1kk3biZ,2026-03-01 09:37:26,6.523103833,79.979864833,10.33891,9,6,1,6.533205,79.976989667,2026-03-01 09:38:54,88.0,1167.2464786359883,406.43426851472327,-318.43426851472327
-OmdRnT0nOObpt8uQ_Av,2026-03-01 09:37:43,6.523520167,79.979779,0.0,9,6,1,6.53347,79.976907667,2026-03-01 09:39:11,88.0,1150.946194052708,828.6812597179498,-740.6812597179498
-OmdRpMQQRQVG-u34PIE,2026-03-01 09:38:01,6.523849667,79.979687833,7.77327,9,6,1,6.534233167,79.9766765,2026-03-01 09:39:29,88.0,1201.563726868305,556.4748705147123,-468.4748705147123
-OmdRzOlKyIKIHwQkrSO,2026-03-01 09:38:19,6.527567167,79.978617833,0.0,9,6,1,6.535856167,79.976176667,2026-03-01 09:39:47,88.0,960.3386424922617,691.4438225944284,-603.4438225944284
-OmdSCAP6TDjUZCtUcYy,2026-03-01 09:38:36,6.532548167,79.977188333,0.0,9,6,1,6.537254167,79.975753833,2026-03-01 09:40:04,88.0,546.7531885704559,393.6622957707283,-305.6622957707283
-OmdSE150709LfOIWJmb,2026-03-01 09:38:54,6.533205,79.976989667,15.60118,9,6,1,6.5373655,79.975715833,2026-03-01 09:40:22,88.0,483.5559597640039,111.58139673732462,-23.581396737324624
-OmdSF26zyelThyy4mkw,2026-03-01 09:39:11,6.53347,79.976907667,6.30646,9,6,1,6.5375215,79.975666833,2026-03-01 09:40:39,88.0,470.89935940761757,268.8097116080056,-180.8097116080056
-OmdSGtfrsGQO8BvquVL,2026-03-01 09:39:29,6.534233167,79.9766765,18.12905,9,6,1,6.5377555,79.9755995,2026-03-01 09:40:57,88.0,409.3382626404532,81.2848850604765,6.715114939523502
-OmdSKrZ7u0bp33BgsIM,2026-03-01 09:39:47,6.535856167,79.976176667,38.60832,9,6,1,6.538026667,79.975517833,2026-03-01 09:41:15,88.0,252.08424171876342,23.50538096937521,64.49461903062479
-OmdSOkn4CTXhXjJXqYQ,2026-03-01 09:40:04,6.537254167,79.975753833,33.20542,9,6,1,6.540046333,79.974839833,2026-03-01 09:41:32,88.0,326.4807695122853,35.395750761298224,52.604249238701776
-OmdSPiSwane9SYzaPIZ,2026-03-01 09:40:22,6.5373655,79.975715833,2.67417,9,6,1,6.540700333,79.974623167,2026-03-01 09:41:50,88.0,389.96849602976823,280.7773171414331,-192.77731714143312
-OmdSQhxvvcnausKe0gY,2026-03-01 09:40:39,6.5375215,79.975666833,3.71735,9,6,1,6.541671333,79.974353167,2026-03-01 09:42:07,88.0,483.72282996379107,348.2804375739296,-260.2804375739296
-OmdSSbeQMJ-dT-qqE0q,2026-03-01 09:40:57,6.5377555,79.9755995,5.53611,9,6,1,6.542647667,79.974187167,2026-03-01 09:42:25,88.0,565.9166885087775,368.00209508691097,-280.00209508691097
-OmdSUkmBPUzIepUlhbH,2026-03-01 09:41:15,6.538026667,79.975517833,0.0,9,6,1,6.542932,79.974136667,2026-03-01 09:42:43,88.0,566.3868467649131,407.7985296707375,-319.7985296707375
-OmdSbkQI2WeN08KfBjH,2026-03-01 09:41:32,6.540046333,79.974839833,48.42972,9,6,1,6.543501667,79.9739935,2026-03-01 09:43:00,88.0,395.427602359714,29.393921098345608,58.60607890165439
-OmdSdbVaLIkcke3NKqJ,2026-03-01 09:41:50,6.540700333,79.974623167,15.66183,9,6,1,6.543863333,79.973892833,2026-03-01 09:43:18,88.0,360.8447996387638,82.94313491460126,5.056865085398741
-OmdSgNC9_FVxEq6GzaE,2026-03-01 09:42:07,6.541671333,79.974353167,22.91496,9,6,1,6.544222333,79.973798833,2026-03-01 09:43:35,88.0,290.1931386905949,45.590099187872966,42.409900812127034
-OmdSk3o_vYYfubU956i,2026-03-01 09:42:25,6.542647667,79.974187167,22.52358,9,6,1,6.544932333,79.9735965,2026-03-01 09:43:53,88.0,262.2893655943756,41.92236385777715,46.07763614222285
-OmdSl1dCEhNHf9DlbrD,2026-03-01 09:42:43,6.542932,79.974136667,6.56773,9,6,1,6.545234833,79.973505833,2026-03-01 09:44:11,88.0,265.37694904158275,145.46228553087565,-57.46228553087565
-OmdSn-HJv3ei8QbJEnn,2026-03-01 09:43:00,6.543501667,79.9739935,0.0,9,6,1,6.545666833,79.973378167,2026-03-01 09:44:28,88.0,250.16782315394576,180.12083267084097,-92.12083267084097
-OmdSnymo3nvsvwYUOjG,2026-03-01 09:43:18,6.543863333,79.973892833,8.53568,9,6,1,6.546170333,79.973221833,2026-03-01 09:44:46,88.0,267.0216069019614,112.61877024994624,-24.618770249946238
-OmdSowd9S_1ngT4pFFb,2026-03-01 09:43:35,6.544222333,79.973798833,8.43806,9,6,1,6.546694833,79.973063333,2026-03-01 09:45:03,88.0,286.6843123244175,122.3105221304308,-34.3105221304308
-OmdSqnjxAQWSq_g33FY,2026-03-01 09:43:53,6.544932333,79.9735965,16.7854,9,6,1,6.547278,79.972872667,2026-03-01 09:45:21,88.0,272.80805679486843,58.50971704347387,29.49028295652613
-OmdSrrXd8SMPxWYFBuL,2026-03-01 09:44:11,6.545234833,79.973505833,7.17965,9,6,1,6.547544167,79.972794833,2026-03-01 09:45:39,88.0,268.52996689383605,134.645544116748,-46.645544116748
-OmdSsoJ7b0aYx-qsVpv,2026-03-01 09:44:28,6.545666833,79.973378167,10.24161,9,6,1,6.547673,79.9727535,2026-03-01 09:45:56,88.0,233.5051794869145,82.07875970212615,5.921240297873851
-OmdSucZX0OmKXxhHhEr,2026-03-01 09:44:46,6.546170333,79.973221833,11.9858,9,6,1,6.550215833,79.971723167,2026-03-01 09:46:14,88.0,479.337341612839,143.97156884031273,-55.97156884031273
-OmdSvaIUOR9QA1QAnRi,2026-03-01 09:45:03,6.546694833,79.973063333,12.45705,9,6,1,6.550629,79.971529667,2026-03-01 09:46:31,88.0,469.1214706129401,135.57281171758837,-47.572811717588365
-OmdSxT9NC41SXDUNzl-,2026-03-01 09:45:21,6.547278,79.972872667,0.0,9,6,1,6.551381667,79.9711985,2026-03-01 09:46:49,88.0,492.36198038568756,354.50062587769503,-266.50062587769503
-OmdT-A7ILtyYoJC4oth,2026-03-01 09:45:39,6.547544167,79.972794833,6.30491,9,6,1,6.554709833,79.969890667,2026-03-01 09:47:07,88.0,858.9487164651891,490.44560180473326,-402.44560180473326
-OmdT09XyVE8TQdHcwpX,2026-03-01 09:45:56,6.547673,79.9727535,3.07587,9,6,1,6.555113167,79.9697975,2026-03-01 09:47:24,88.0,889.4223176727639,640.3840687243901,-552.3840687243901
-OmdT9CJy31MPCapEJiE,2026-03-01 09:46:14,6.550215833,79.971723167,0.0,9,6,1,6.555824167,79.969689833,2026-03-01 09:47:42,88.0,662.8375233082962,477.2430167819733,-389.2430167819733
-OmdTA9hjWfTQ-2w1C7S,2026-03-01 09:46:31,6.550629,79.971529667,10.36593,9,6,1,6.5560115,79.969648333,2026-03-01 09:47:59,88.0,633.5635019820947,220.03125692875997,-132.03125692875997
-OmdTC71uZ7ufP5k8HNz,2026-03-01 09:46:49,6.551381667,79.9711985,18.68538,9,6,1,6.556901833,79.969523,2026-03-01 09:48:17,88.0,641.113327155565,123.51945626795035,-35.519456267950346
-OmdTKA0AyO5OlH2sRcs,2026-03-01 09:47:07,6.554709833,79.969890667,81.27138,9,6,1,6.5572695,79.969466667,2026-03-01 09:48:35,88.0,288.45017691604875,12.77719951227327,75.22280048772673
-OmdTL98a8jHw5sg0YpU,2026-03-01 09:47:24,6.555113167,79.9697975,9.41324,9,6,1,6.557785,79.969388833,2026-03-01 09:48:52,88.0,300.5046320766901,114.92500727444369,-26.925007274443686
-OmdTO2wpClensf1R3hS,2026-03-01 09:47:42,6.555824167,79.969689833,16.35533,9,6,1,6.5587495,79.969224,2026-03-01 09:49:10,88.0,329.32745563423805,72.48883637830951,15.511163621690486
-OmdTP2NT8iiMu63KrVB,2026-03-01 09:47:59,6.5560115,79.969648333,4.3633,9,6,1,6.559658,79.969103,2026-03-01 09:49:27,88.0,409.92295106188067,295.1445247645541,-207.1445247645541
-OmdTRic8fYfVJB0-arJ,2026-03-01 09:48:17,6.556901833,79.969523,20.44977,9,6,1,6.560270167,79.969057167,2026-03-01 09:49:45,88.0,378.0601887128847,66.55413138467497,21.445868615325026
-OmdTSi3aRwpj3OVfVK8,2026-03-01 09:48:35,6.5572695,79.969466667,8.45977,9,6,1,6.560500167,79.969030167,2026-03-01 09:50:03,88.0,362.45547632077125,154.2405662039011,-66.2405662039011
-OmdTTgtjXGDlbSbTaPG,2026-03-01 09:48:52,6.557785,79.969388833,11.85742,9,6,1,6.560751333,79.969000833,2026-03-01 09:50:20,88.0,332.61432422931057,100.98415736522094,-12.984157365220938
-OmdTWKV9xU4elNo2prf,2026-03-01 09:49:10,6.5587495,79.969224,0.0,9,6,1,6.561453167,79.968845,2026-03-01 09:50:38,88.0,303.535295663761,218.54541287790795,-130.54541287790795
-OmdTZ3psFtd97S-XLLX,2026-03-01 09:49:27,6.559658,79.969103,20.84604,9,6,1,6.561845,79.968744,2026-03-01 09:50:55,88.0,246.39570142276654,42.55122436309052,45.44877563690948
-OmdT_16IeBh6BMvTKD0,2026-03-01 09:49:45,6.560270167,79.969057167,13.96362,9,6,1,6.562099667,79.968664667,2026-03-01 09:51:13,88.0,208.00035998950463,53.62515565177344,34.37484434822656
-OmdTa0rWDg28syBI-UN,2026-03-01 09:50:03,6.560500167,79.969030167,5.26734,9,6,1,6.562749333,79.968439,2026-03-01 09:51:31,88.0,258.4812738629018,176.6608166373248,-88.66081663732481
-OmdTaybWbWe-058GxV2,2026-03-01 09:50:20,6.560751333,79.969000833,5.75168,9,6,1,6.563714833,79.968138333,2026-03-01 09:51:48,88.0,343.0236925642666,214.69992997373976,-126.69992997373976
-OmdTcpU2-GoWY_Qwv8e,2026-03-01 09:50:38,6.561453167,79.968845,0.0,9,6,1,6.564179167,79.967975833,2026-03-01 09:52:06,88.0,317.96031284016755,228.93142524492063,-140.93142524492063
-OmdTdprrkRgVymj07ZW,2026-03-01 09:50:55,6.561845,79.968744,9.20074,9,6,1,6.565487333,79.967602833,2026-03-01 09:52:23,88.0,424.173831909373,165.96771508310667,-77.96771508310667
-OmdTf7Quxt6-pK0b16z,2026-03-01 09:51:13,6.562099667,79.968664667,6.06406,9,6,1,6.566212333,79.967366167,2026-03-01 09:52:41,88.0,479.2758004405517,284.5276731407648,-196.52767314076482
-OmdTg4pBndvM8Z1ktNW,2026-03-01 09:51:31,6.562749333,79.968439,15.63331,9,6,1,6.567119167,79.967060667,2026-03-01 09:52:59,88.0,509.20014750208475,117.25735183448067,-29.257351834480673
-OmdTin6WZPIiVTYc222,2026-03-01 09:51:48,6.563714833,79.968138333,0.0,9,6,1,6.5675875,79.966891667,2026-03-01 09:53:16,88.0,452.10558840825473,325.5160236539434,-237.51602365394342
-OmdTjkpmudjBpMD5DEx,2026-03-01 09:52:06,6.564179167,79.967975833,11.1825,9,6,1,6.569209,79.966218833,2026-03-01 09:53:34,88.0,592.0113983608537,190.587170498464,-102.58717049846399
-OmdTmQSKREgmI7W2wpz,2026-03-01 09:52:23,6.565487333,79.967602833,30.92804,9,6,1,6.569487333,79.966063667,2026-03-01 09:53:51,88.0,476.1693684052966,55.425747194425114,32.574252805574886
-OmdToMjiLda3_I1wxht,2026-03-01 09:52:41,6.566212333,79.967366167,17.33732,9,6,1,6.570469,79.965574833,2026-03-01 09:54:09,88.0,513.0185467340842,106.52550499400735,-18.52550499400735
-OmdTqCwwdtruVZuEbo6,2026-03-01 09:52:59,6.567119167,79.967060667,21.75263,9,6,1,6.572399667,79.964673833,2026-03-01 09:54:27,88.0,643.645584209609,106.52156098617006,-18.52156098617006
-OmdTrHZy3KHi83RIuNa,2026-03-01 09:53:16,6.5675875,79.966891667,11.31717,9,6,1,6.572752,79.964520833,2026-03-01 09:54:44,88.0,631.1654248917415,200.77418025975302,-112.77418025975302
-OmdTv0RgriLyWzjwqqD,2026-03-01 09:53:34,6.569209,79.966218833,39.89571,9,6,1,6.573366,79.96426,2026-03-01 09:55:02,88.0,510.37653273060965,46.05396213854058,41.94603786145942
-OmdTvw3WG1TEPf9f-Je,2026-03-01 09:53:51,6.569487333,79.966063667,7.23746,9,6,1,6.574530833,79.963863833,2026-03-01 09:55:19,88.0,611.1956485141563,304.01609606836695,-216.01609606836695
-OmdTxuJeEVa46-lI3DI,2026-03-01 09:54:09,6.570469,79.965574833,24.91324,9,6,1,6.575561833,79.963503333,2026-03-01 09:55:37,88.0,610.7814224866869,88.25881824090617,-0.2588182409061659
-OmdU1PYunX2iv6TYEEI,2026-03-01 09:54:27,6.572399667,79.964673833,48.40765,9,6,1,6.576106667,79.963311833,2026-03-01 09:55:55,88.0,438.798580417902,32.63275307734309,55.36724692265691
-OmdU2QOfEmhLIeWwogo,2026-03-01 09:54:44,6.572752,79.964520833,8.72859,9,6,1,6.5792665,79.962278667,2026-03-01 09:56:12,88.0,765.5517130471654,315.742424259794,-227.742424259794
-OmdU3WAlwI-wwP28F_q,2026-03-01 09:55:02,6.573366,79.96426,15.15965,9,6,1,6.579688667,79.962087167,2026-03-01 09:56:30,88.0,742.8902378899099,176.41600277075497,-88.41600277075497
-OmdU5K1LtHPXCEfmuZD,2026-03-01 09:55:19,6.574530833,79.963863833,27.96834,9,6,1,6.583866167,79.960921167,2026-03-01 09:56:47,88.0,1087.7459596668155,140.0113648075122,-52.011364807512194
-OmdU7En1D4zedT83ExY,2026-03-01 09:55:37,6.575561833,79.963503333,24.82707,9,6,1,6.584306833,79.960771667,2026-03-01 09:57:05,88.0,1018.14147330837,147.63358317796389,-59.633583177963885
-OmdU968hxADHAxWfHMw,2026-03-01 09:55:55,6.576106667,79.963311833,13.12729,9,6,1,6.585099,79.9605365,2026-03-01 09:57:23,88.0,1045.8435070505761,286.8098918651202,-198.80989186512022
-OmdUJ-G5sfLFwUKDuou,2026-03-01 09:56:12,6.5792665,79.962278667,0.0,9,6,1,6.585099,79.9605365,2026-03-01 10:06:23,611.0,676.4940822297675,487.0757392054326,123.92426079456737
-OmdUJzybSpDFxK0oU5Z,2026-03-01 09:56:30,6.579688667,79.962087167,10.53315,9,6,1,6.584306833,79.960771667,2026-03-01 10:06:42,612.0,533.6807432952113,182.4003907532657,429.5996092467343
-OmdUSNs89oEzYDHI_43,2026-03-01 09:56:47,6.583866167,79.960921167,98.61213,9,6,1,6.583866167,79.960921167,2026-03-01 10:07:01,614.0,0.0,0.0,614.0
-OmdUUDXOHDDmYGh7TzX,2026-03-01 09:57:05,6.584306833,79.960771667,10.57794,9,6,1,6.579688667,79.962087167,2026-03-01 10:07:20,615.0,533.6807432952113,181.6280557332298,433.37194426677024
-OmdUXsb4_K7Cu1Lc0mb,2026-03-01 09:57:23,6.585099,79.9605365,18.78692,9,6,1,6.5792665,79.962278667,2026-03-01 10:07:39,616.0,676.4940822297675,129.63161050492383,486.36838949507614
-OmdNSis5o8hLwBrFnPd,2026-03-01 10:06:23,6.585099,79.9605365,18.95638,10,6,1,6.576106667,79.963311833,2026-03-01 10:07:58,95.0,1045.8435070505761,198.6158024571186,-103.6158024571186
-Omdu33E3g622BZOpIOS,2026-03-01 10:06:42,6.584306833,79.960771667,8.18877,10,6,1,6.575561833,79.963503333,2026-03-01 10:08:18,96.0,1018.14147330837,447.6019358108888,-351.6019358108888
-OmdGDmzfqmFYn7MQhSe,2026-03-01 10:07:01,6.583866167,79.960921167,85.76449,10,6,1,6.574530833,79.963863833,2026-03-01 10:08:37,96.0,1087.7459596668155,45.658587310442066,50.341412689557934
-OmdOHqDp78ohCHLLvhg,2026-03-01 10:07:20,6.579688667,79.962087167,8.95219,10,6,1,6.573366,79.96426,2026-03-01 10:08:56,96.0,742.8902378899099,298.7430848098259,-202.74308480982592
-OmdmMRsWjlqCeNbr9qp,2026-03-01 10:07:39,6.5792665,79.962278667,0.0,10,6,1,6.572752,79.964520833,2026-03-01 10:09:15,96.0,765.5517130471654,551.1972333939591,-455.1972333939591
-Omd6WQYhNOF8kdqciqm,2026-03-01 10:07:58,6.576106667,79.963311833,13.33345,10,6,1,6.572399667,79.964673833,2026-03-01 10:09:34,96.0,438.798580417902,118.474580060258,-22.474580060258006
-Omd9JgbEqUdBNWPtkNQ,2026-03-01 10:08:18,6.575561833,79.963503333,25.40477,10,6,1,6.570469,79.965574833,2026-03-01 10:09:53,95.0,610.7814224866869,86.5511918018574,8.4488081981426
-Omd2TjGTStHcxfM4gRr,2026-03-01 10:08:37,6.574530833,79.963863833,30.92303,10,6,1,6.569487333,79.966063667,2026-03-01 10:10:13,96.0,611.1956485141563,71.15422824512872,24.84577175487128
-OmdfTaC5ywtRu8zv8GA,2026-03-01 10:08:56,6.573366,79.96426,12.09453,10,6,1,6.569209,79.966218833,2026-03-01 10:10:32,96.0,510.37653273060965,151.91623964140769,-55.916239641407685
-OmdoMjaHg09pAziIbCv,2026-03-01 10:09:15,6.572752,79.964520833,8.08154,10,6,1,6.5675875,79.966891667,2026-03-01 10:10:51,96.0,631.1654248917415,281.1587308372252,-185.15873083722522
-OmdZbVvVnvhwVJAVRXl,2026-03-01 10:09:34,6.572399667,79.964673833,37.5627,10,6,1,6.567119167,79.967060667,2026-03-01 10:11:10,96.0,643.645584209609,61.68683569484068,34.31316430515932
-OmddwxpKSJx3ZvUUX2N,2026-03-01 10:09:53,6.570469,79.965574833,20.51603,10,6,1,6.566212333,79.967366167,2026-03-01 10:11:29,96.0,513.0185467340842,90.02067009273739,5.97932990726261
-OmdNFeSE3LAR4IC4d2o,2026-03-01 10:10:13,6.569487333,79.966063667,6.93179,10,6,1,6.565487333,79.967602833,2026-03-01 10:11:48,95.0,476.1693684052966,247.2968347654888,-152.2968347654888
-OmdNCMt0iVq0LIESKH0,2026-03-01 10:10:32,6.569209,79.966218833,30.90799,10,6,1,6.564179167,79.967975833,2026-03-01 10:12:08,96.0,592.0113983608537,68.95437180156566,27.045628198434343
-OmdZW1sLcOAFGtiAp9Q,2026-03-01 10:10:51,6.5675875,79.966891667,9.51308,10,6,1,6.563714833,79.968138333,2026-03-01 10:12:27,96.0,452.10558840825473,171.08866090369438,-75.08866090369438
-Omd5VkHST2NEdKqWxuy,2026-03-01 10:11:10,6.567119167,79.967060667,22.0358,10,6,1,6.562749333,79.968439,2026-03-01 10:12:46,96.0,509.20014750208475,83.18829046404056,12.811709535959437
-Omd7CijlPOKrQP9YJL3,2026-03-01 10:11:29,6.566212333,79.967366167,16.86747,10,6,1,6.562099667,79.968664667,2026-03-01 10:13:05,96.0,479.2758004405517,102.29114867766096,-6.291148677660956
-OmdCt2mSitu3WZzeheu,2026-03-01 10:11:48,6.565487333,79.967602833,25.4899,10,6,1,6.561845,79.968744,2026-03-01 10:13:24,96.0,424.173831909373,59.90709241204332,36.09290758795668
-Omd3cTmIcbeMiS1ecqL,2026-03-01 10:12:08,6.564179167,79.967975833,11.06893,10,6,1,6.561453167,79.968845,2026-03-01 10:13:43,95.0,317.96031284016755,103.41172328532235,-8.411723285322353
-OmdZAyrzsNbJnrB4qGI,2026-03-01 10:12:27,6.563714833,79.968138333,0.0,10,6,1,6.560751333,79.969000833,2026-03-01 10:14:03,96.0,343.0236925642666,246.97705864627196,-150.97705864627196
-OmdhVUUV3sSx1hLslUu,2026-03-01 10:12:46,6.562749333,79.968439,16.79034,10,6,1,6.560500167,79.969030167,2026-03-01 10:14:22,96.0,258.4812738629018,55.42071130819545,40.57928869180455
-OmdLmfE2PeHbpwxYuAr,2026-03-01 10:13:05,6.562099667,79.968664667,4.65149,10,6,1,6.560270167,79.969057167,2026-03-01 10:14:41,96.0,208.00035998950463,149.76025919244333,-53.76025919244333
-OmdIudliBoMvZeC30JY,2026-03-01 10:13:24,6.561845,79.968744,9.86899,10,6,1,6.559658,79.969103,2026-03-01 10:15:00,96.0,246.39570142276654,89.87996999915488,6.120030000845119
-Omd4fW5TSul6O5oAylc,2026-03-01 10:13:43,6.561453167,79.968845,0.0,10,6,1,6.5587495,79.969224,2026-03-01 10:15:19,96.0,303.535295663761,218.54541287790795,-122.54541287790795
-OmdnNN9D0QfdIsfh8Qm,2026-03-01 10:14:03,6.560751333,79.969000833,5.93266,10,6,1,6.557785,79.969388833,2026-03-01 10:15:38,95.0,332.61432422931057,201.8338430359262,-106.83384303592621
-OmdDZ36N8DM4edeHuZK,2026-03-01 10:14:22,6.560500167,79.969030167,4.71242,10,6,1,6.5572695,79.969466667,2026-03-01 10:15:58,96.0,362.45547632077125,260.9679429509553,-164.96794295095532
-Omd4M33n4Z6SA1ti7UG,2026-03-01 10:14:41,6.560270167,79.969057167,11.5062,10,6,1,6.556901833,79.969523,2026-03-01 10:16:17,96.0,378.0601887128847,118.28550515082173,-22.285505150821734
-OmdAhPgiNIuHF2tRmwb,2026-03-01 10:15:00,6.559658,79.969103,23.56657,10,6,1,6.5560115,79.969648333,2026-03-01 10:16:36,96.0,409.92295106188067,62.619321514449084,33.380678485550916
-Omd1gF2ewZodgx9OpsO,2026-03-01 10:15:19,6.5587495,79.969224,0.0,10,6,1,6.555824167,79.969689833,2026-03-01 10:16:55,96.0,329.32745563423805,237.1157680566514,-141.1157680566514
-OmdOHYvCqGU3AmG7xB9,2026-03-01 10:15:38,6.557785,79.969388833,10.28372,10,6,1,6.555113167,79.9697975,2026-03-01 10:17:14,96.0,300.5046320766901,105.19701775972938,-9.197017759729377
-OmdU88usxVVcOacsgo7,2026-03-01 10:15:58,6.5572695,79.969466667,6.76807,10,6,1,6.554709833,79.969890667,2026-03-01 10:17:33,95.0,288.45017691604875,153.42935828054016,-58.42935828054016
-OmdgE81S2yh5ipk5Dko,2026-03-01 10:16:17,6.556901833,79.969523,16.39148,10,6,1,6.551381667,79.9711985,2026-03-01 10:17:53,96.0,641.113327155565,140.80534385912887,-44.80534385912887
-OmdpeCNcLK6Tx1c6Vzg,2026-03-01 10:16:36,6.5560115,79.969648333,4.74972,10,6,1,6.550629,79.971529667,2026-03-01 10:18:12,96.0,633.5635019820947,456.1657214271082,-360.1657214271082
-Omdkdr0CAx41RbmIsBo,2026-03-01 10:16:55,6.555824167,79.969689833,16.27964,10,6,1,6.550215833,79.971723167,2026-03-01 10:18:31,96.0,662.8375233082962,146.5766493552601,-50.57664935526009
-OmdJFxdjCFHvOmB28HA,2026-03-01 10:17:14,6.555113167,79.9697975,10.10163,10,6,1,6.547673,79.9727535,2026-03-01 10:18:50,96.0,889.4223176727639,316.970661529075,-220.97066152907502
-OmdH7ChLHeeO2rBvAVQ,2026-03-01 10:17:33,6.554709833,79.969890667,82.34442,10,6,1,6.547544167,79.972794833,2026-03-01 10:19:09,96.0,858.9487164651891,37.55221518682967,58.44778481317033
-Omd6ETNyExcLn1HpHGb,2026-03-01 10:17:53,6.551381667,79.9711985,18.11676,10,6,1,6.547278,79.972872667,2026-03-01 10:19:28,95.0,492.36198038568756,97.83775517192231,-2.8377551719223106
-OmdnJVoYLBGlsSzqdnh,2026-03-01 10:18:12,6.550629,79.971529667,11.78176,10,6,1,6.546694833,79.973063333,2026-03-01 10:19:48,96.0,469.1214706129401,143.3433794447166,-47.34337944471659
-OmdEITNih9I4w96F878,2026-03-01 10:18:31,6.550215833,79.971723167,0.0,10,6,1,6.546170333,79.973221833,2026-03-01 10:20:07,96.0,479.337341612839,345.1228859612441,-249.1228859612441
-OmdxwQUOd33c0b9RDsS,2026-03-01 10:18:50,6.547673,79.9727535,2.79684,10,6,1,6.545666833,79.973378167,2026-03-01 10:20:26,96.0,233.5051794869145,168.12372923057845,-72.12372923057845
-OmduV45iE4ynqolTDaS,2026-03-01 10:19:09,6.547544167,79.972794833,6.15116,10,6,1,6.545234833,79.973505833,2026-03-01 10:20:45,96.0,268.52996689383605,157.15863037505278,-61.15863037505278
-OmdD0S35P0qAdVkdWXO,2026-03-01 10:19:28,6.547278,79.972872667,0.0,10,6,1,6.544932333,79.9735965,2026-03-01 10:21:04,96.0,272.80805679486843,196.42180089230527,-100.42180089230527
-Omd5yXStNoJP06tys3K,2026-03-01 10:19:48,6.546694833,79.973063333,13.47412,10,6,1,6.544222333,79.973798833,2026-03-01 10:21:23,95.0,286.6843123244175,76.59598729771614,18.404012702283865
-OmdjCeLPA2UsAO0zXC9,2026-03-01 10:20:07,6.546170333,79.973221833,11.99812,10,6,1,6.543863333,79.973892833,2026-03-01 10:21:43,96.0,267.0216069019614,80.11903405258998,15.880965947410019
-OmdGo2iYbVhRmeB7wcu,2026-03-01 10:20:26,6.545666833,79.973378167,11.20427,10,6,1,6.543501667,79.9739935,2026-03-01 10:22:02,96.0,250.16782315394576,80.38044097064822,15.619559029351777
-OmdgFmnvEhoYxO9pUAc,2026-03-01 10:20:45,6.545234833,79.973505833,7.07403,10,6,1,6.542932,79.974136667,2026-03-01 10:22:21,96.0,265.37694904158275,135.05130972722733,-39.051309727227334
-OmdEOQ6HyUMIXJhAnZn,2026-03-01 10:21:04,6.544932333,79.9735965,17.35483,10,6,1,6.542647667,79.974187167,2026-03-01 10:22:40,96.0,262.2893655943756,54.40800723140199,41.59199276859801
-OmdaHuDcMFS7AHvozK5,2026-03-01 10:21:23,6.544222333,79.973798833,6.40749,10,6,1,6.541671333,79.974353167,2026-03-01 10:22:59,96.0,290.1931386905949,163.04282945211642,-67.04282945211642
-OmdgD7eB6xGfxcoRId8,2026-03-01 10:21:43,6.543863333,79.973892833,7.26982,10,6,1,6.540700333,79.974623167,2026-03-01 10:23:18,95.0,360.8447996387638,178.68960699158296,-83.68960699158296
-OmdNxH9YJ93TavRuRNm,2026-03-01 10:22:02,6.543501667,79.9739935,0.0,10,6,1,6.540046333,79.974839833,2026-03-01 10:23:38,96.0,395.427602359714,284.7078736989941,-188.7078736989941
-OmdhH8Spuc1IBGbzLFX,2026-03-01 10:22:21,6.542932,79.974136667,5.74811,10,6,1,6.538026667,79.975517833,2026-03-01 10:23:57,96.0,566.3868467649131,354.72401334589756,-258.72401334589756
-OmdTHn4Jr1tlbsDsqIC,2026-03-01 10:22:40,6.542647667,79.974187167,17.90802,10,6,1,6.5377555,79.9755995,2026-03-01 10:24:16,96.0,565.9166885087775,113.76467519198656,-17.764675191986555
-OmdpcLQxZLvRFtCLZJT,2026-03-01 10:22:59,6.541671333,79.974353167,19.55948,10,6,1,6.5375215,79.975666833,2026-03-01 10:24:35,96.0,483.72282996379107,89.03110859131469,6.968891408685309
-OmdpAahBdIoLoAMonYl,2026-03-01 10:23:18,6.540700333,79.974623167,12.21365,10,6,1,6.5373655,79.975715833,2026-03-01 10:24:54,96.0,389.96849602976823,114.94406550925936,-18.94406550925936
-OmdNqyas8wKflMcQrr1,2026-03-01 10:23:38,6.540046333,79.974839833,42.17458,10,6,1,6.537254167,79.975753833,2026-03-01 10:25:13,95.0,326.4807695122853,27.868227027850118,67.13177297214989
-OmdqLF2fxdtftsXQJKM,2026-03-01 10:23:57,6.538026667,79.975517833,0.0,10,6,1,6.535856167,79.976176667,2026-03-01 10:25:33,96.0,252.08424171876342,181.50065403750966,-85.50065403750966
-OmdPDLRddvSF89Lq6Zi,2026-03-01 10:24:16,6.5377555,79.9755995,5.57812,10,6,1,6.534233167,79.9766765,2026-03-01 10:25:52,96.0,409.3382626404532,264.1782079814761,-168.17820798147608
-Omd24sjfFUad2JZMbOT,2026-03-01 10:24:35,6.5375215,79.975666833,3.36065,10,6,1,6.53347,79.976907667,2026-03-01 10:26:11,96.0,470.89935940761757,339.04753877348463,-243.04753877348463
-OmdYiSIUAhOu3P6fDps,2026-03-01 10:24:54,6.5373655,79.975715833,2.42304,10,6,1,6.533205,79.976989667,2026-03-01 10:26:30,96.0,483.5559597640039,348.1602910300828,-252.16029103008282
-OmdwNF0Git9j1l0jnQL,2026-03-01 10:25:13,6.537254167,79.975753833,27.23209,10,6,1,6.532548167,79.977188333,2026-03-01 10:26:49,96.0,546.7531885704559,72.27911918819456,23.720880811805443
-OmdNu85GfdedxhZkU0K,2026-03-01 10:25:33,6.535856167,79.976176667,33.45942,10,6,1,6.527567167,79.978617833,2026-03-01 10:27:08,95.0,960.3386424922617,103.3257334697416,-8.325733469741607
-Omd71JLxKQN1JAAdpeb,2026-03-01 10:25:52,6.534233167,79.9766765,20.35251,10,6,1,6.523849667,79.979687833,2026-03-01 10:27:28,96.0,1201.563726868305,212.53542765614156,-116.53542765614156
-OmdHpiAOvNkPSEdVR1p,2026-03-01 10:26:11,6.53347,79.976907667,6.3841,10,6,1,6.523520167,79.979779,2026-03-01 10:27:47,96.0,1150.946194052708,649.0196423285582,-553.0196423285582
-OmdLgtGDwbtImHfcmFi,2026-03-01 10:26:30,6.533205,79.976989667,15.56122,10,6,1,6.523103833,79.979864833,2026-03-01 10:28:06,96.0,1167.2464786359883,270.03585342855877,-174.03585342855877
-OmdRhP0scy58pJeVZBI,2026-03-01 10:26:49,6.532548167,79.977188333,0.0,10,6,1,6.522650333,79.979895333,2026-03-01 10:28:25,96.0,1140.4950105187718,821.1564075735157,-725.1564075735157
-OmdeyGNW8EXtoMNpieA,2026-03-01 10:27:08,6.527567167,79.978617833,0.0,10,6,1,6.521646167,79.9796505,2026-03-01 10:28:44,96.0,668.1961464987471,481.10122547909793,-385.10122547909793
-OmdxPRPfkpCqpJ7lbhR,2026-03-01 10:27:28,6.523849667,79.979687833,6.45181,10,6,1,6.521182167,79.979458833,2026-03-01 10:29:03,95.0,297.6894115431782,166.1056171144906,-71.1056171144906
-OmdS7BtWQauIFqpZCts,2026-03-01 10:27:47,6.523520167,79.979779,0.0,10,6,1,6.518323,79.9796595,2026-03-01 10:29:23,96.0,578.0493784961451,416.1955525172245,-320.1955525172245
-OmdOLl9ZG1YC7ZYvvw4,2026-03-01 10:28:06,6.523103833,79.979864833,10.7867,10,6,1,6.517457833,79.980026,2026-03-01 10:29:42,96.0,628.0589867384987,209.61112780169978,-113.61112780169978
-OmdNHZe248OX0kBj1HJ,2026-03-01 10:28:25,6.522650333,79.979895333,0.0,10,6,1,6.517129833,79.9801455,2026-03-01 10:30:01,96.0,614.4734356689578,442.42087368164965,-346.42087368164965
-OmdIs274R5ySApAwxQL,2026-03-01 10:28:44,6.521646167,79.9796505,9.43576,10,6,1,6.516719667,79.9802615,2026-03-01 10:30:20,96.0,551.9449028524634,210.5820464137354,-114.58204641373541
-OmdPR86Wvo2I8yvGBr9,2026-03-01 10:29:03,6.521182167,79.979458833,57.5807,10,6,1,6.5163815,79.980327667,2026-03-01 10:30:39,96.0,542.3708142605939,33.909537941326484,62.090462058673516
-OmdviIK3BvrcwpBwf3s,2026-03-01 10:29:23,6.518323,79.9796595,0.0,10,6,1,6.515525,79.980440333,2026-03-01 10:30:58,95.0,322.8609429924434,232.4598789545593,-137.4598789545593
-OmdNlhAOBKL5CkXKpHF,2026-03-01 10:29:42,6.517457833,79.980026,9.06843,10,6,1,6.514272167,79.980619,2026-03-01 10:31:18,96.0,360.2370449989151,143.00748442631132,-47.00748442631132
-OmdNGPcr2sUXvfazE02,2026-03-01 10:30:01,6.517129833,79.9801455,9.78103,10,6,1,6.5138105,79.980839833,2026-03-01 10:31:37,96.0,376.97970580428705,138.75092305160433,-42.75092305160433
-Omd1ZB8oaWmniwzoNEv,2026-03-01 10:30:20,6.516719667,79.9802615,7.65999,10,6,1,6.513377667,79.9810755,2026-03-01 10:31:56,96.0,382.33967110376733,179.68989724184524,-83.68989724184524
-OmduEEbQ05Ck7trk8AE,2026-03-01 10:30:39,6.5163815,79.980327667,20.16541,10,6,1,6.512435167,79.981422833,2026-03-01 10:32:15,96.0,455.18665133677024,81.26152380796486,14.738476192035137
-OmdonBxtrd2grKhIe7O,2026-03-01 10:30:58,6.515525,79.980440333,30.37178,10,6,1,6.5120085,79.981528333,2026-03-01 10:32:34,96.0,409.07467334125465,48.48806438175559,47.51193561824441
-OmdBYGDp6VQK17Nl7Uc,2026-03-01 10:31:18,6.514272167,79.980619,12.33926,10,6,1,6.51149,79.981715667,2026-03-01 10:32:53,95.0,332.2414080800007,96.93199341678535,-1.931993416785346
-OmdQXvjayUHRrZYSVLx,2026-03-01 10:31:37,6.5138105,79.980839833,9.5389,10,6,1,6.511078167,79.981848833,2026-03-01 10:33:13,96.0,323.62553507664,122.13692629924876,-26.136926299248756
-OmdQlfuAuusJCHv066r,2026-03-01 10:31:56,6.513377667,79.9810755,0.0,10,6,1,6.510018,79.981973667,2026-03-01 10:33:32,96.0,386.5314041439896,278.30261098367254,-182.30261098367254
-Omd4LvycQMDTWPvlxl4,2026-03-01 10:32:15,6.512435167,79.981422833,0.0,10,6,1,6.5096425,79.981901833,2026-03-01 10:33:51,96.0,315.00719540876514,226.8051806943109,-130.8051806943109
-OmdXSWt6aCbYfgwQmHk,2026-03-01 10:32:34,6.5120085,79.981528333,9.73495,10,6,1,6.5085295,79.981664333,2026-03-01 10:34:10,96.0,387.1388222958885,143.1645524902746,-47.16455249027459
-Omd7MhRWNSlQEm7fzNm,2026-03-01 10:32:53,6.51149,79.981715667,8.45654,10,6,1,6.506776667,79.981047167,2026-03-01 10:34:29,96.0,529.2768395293866,225.31633768725646,-129.31633768725646
-OmdO1IyudiVDwYUFMF6,2026-03-01 10:33:13,6.511078167,79.981848833,0.0,10,6,1,6.506323,79.9809695,2026-03-01 10:34:48,95.0,537.6007853988871,387.0725654871987,-292.0725654871987
-OmdEsj1uiBNc9Jm3g43,2026-03-01 10:33:32,6.510018,79.981973667,7.53754,10,6,1,6.5047895,79.980883,2026-03-01 10:35:08,96.0,593.7380951726373,283.57489878945836,-187.57489878945836
-OmdhSTOVEME27HQOD2k,2026-03-01 10:33:51,6.5096425,79.981901833,21.87501,10,6,1,6.503599167,79.980625667,2026-03-01 10:35:27,96.0,686.6190884866512,112.99783262050825,-16.997832620508248
-Omd5rtJE7q2z9Sqibxh,2026-03-01 10:34:10,6.5085295,79.981664333,0.0,10,6,1,6.502983167,79.980323167,2026-03-01 10:35:46,96.0,634.273685827533,456.6770537958238,-360.6770537958238
-OmdP7ySJkLZtwXSN1zW,2026-03-01 10:34:29,6.506776667,79.981047167,0.0,10,6,1,6.50248,79.980091667,2026-03-01 10:36:05,96.0,489.2906700605934,352.28928244362726,-256.28928244362726
-OmdDphia023wG3nyDP5,2026-03-01 10:34:48,6.506323,79.9809695,0.0,10,6,1,6.5004525,79.979798167,2026-03-01 10:36:24,96.0,665.4734472935542,479.14088205135903,-383.14088205135903
-OmdKALvFXom6RkCgTco,2026-03-01 10:35:08,6.5047895,79.980883,0.0,10,6,1,6.499362667,79.980269333,2026-03-01 10:36:43,95.0,607.2329855803526,437.20774961785395,-342.20774961785395
-Omdb0CNdxfc1O6hiYNN,2026-03-01 10:35:27,6.503599167,79.980625667,0.0,10,6,1,6.498753833,79.980769833,2026-03-01 10:37:03,96.0,539.0119327755716,388.0885915984116,-292.0885915984116
-OmdkKn4nGzWWtmiGUGA,2026-03-01 10:35:46,6.502983167,79.980323167,14.15846,10,6,1,6.4981055,79.980903167,2026-03-01 10:37:22,96.0,546.1439730766368,138.86526522488268,-42.86526522488268
-OmdxTddz0FQoqZNdZUL,2026-03-01 10:36:05,6.50248,79.980091667,51.23557,10,6,1,6.497488167,79.9809465,2026-03-01 10:37:41,96.0,563.0436313045878,39.56152088669094,56.43847911330906
-Omd8Zp4lASGhufuvEJC,2026-03-01 10:36:24,6.5004525,79.979798167,23.87484,10,6,1,6.495934,79.981221833,2026-03-01 10:38:00,96.0,526.4784204545782,79.38575980557279,16.61424019442721
-OmdWBjdxxha05bnPrJR,2026-03-01 10:36:43,6.499362667,79.980269333,0.0,10,6,1,6.494997333,79.981439833,2026-03-01 10:38:19,96.0,502.33369825277305,361.6802627419966,-265.6802627419966
-Omdjbtj0tmDHdWgkydo,2026-03-01 10:37:03,6.498753833,79.980769833,15.28047,10,6,1,6.494679,79.981491333,2026-03-01 10:38:38,95.0,460.0590073680151,108.38753170058607,-13.387531700586067
-OmdGhEa0QfR2gr6m6NJ,2026-03-01 10:37:22,6.4981055,79.980903167,12.89179,10,6,1,6.4942385,79.981557833,2026-03-01 10:38:58,96.0,436.0314587602477,121.76069045003771,-25.760690450037714
-Omd6dS9SWiXnbS16WPz,2026-03-01 10:37:41,6.497488167,79.9809465,0.0,10,6,1,6.493787167,79.981626167,2026-03-01 10:39:17,96.0,418.3270230526043,301.19545659787514,-205.19545659787514
-OmdkmK3az1esqm2gLdR,2026-03-01 10:38:00,6.495934,79.981221833,24.36624,10,6,1,6.4926285,79.981865833,2026-03-01 10:39:36,96.0,374.3779896633615,55.31262775003863,40.68737224996137
-OmdPGGQKfSc9Edl3rcV,2026-03-01 10:38:19,6.494997333,79.981439833,6.89404,10,6,1,6.491479667,79.982231833,2026-03-01 10:39:55,96.0,400.81439251031554,209.30134043857242,-113.30134043857242
-OmdrmHqdnGcYTBjwxuR,2026-03-01 10:38:38,6.494679,79.981491333,8.51783,10,6,1,6.4905865,79.982349,2026-03-01 10:40:14,96.0,464.82596416696646,196.45537314093838,-100.45537314093838
-OmdRHC0gXNUw7XfpR5p,2026-03-01 10:38:58,6.4942385,79.981557833,8.91677,10,6,1,6.489680333,79.982527833,2026-03-01 10:40:33,95.0,518.05092779956,209.1545862547106,-114.15458625471061
-OmdPV1xRCWqTw5T8BXK,2026-03-01 10:39:17,6.493787167,79.981626167,26.34719,10,6,1,6.489048167,79.9826335,2026-03-01 10:40:53,96.0,538.5769786811529,73.5895221939095,22.410477806090498
-OmdNl1OovC1Kf7kkxU6,2026-03-01 10:39:36,6.4926285,79.981865833,23.71087,10,6,1,6.487724333,79.983085667,2026-03-01 10:41:12,96.0,561.725224670022,85.28623406952505,10.713765930474949
-OmdUA5TegLSsbmI2TiY,2026-03-01 10:39:55,6.491479667,79.982231833,20.24426,10,6,1,6.487161167,79.983127833,2026-03-01 10:41:31,96.0,490.29276515621103,87.18787224439716,8.812127755602845
-Omd1MRvwP4BOa8nySIe,2026-03-01 10:40:14,6.4905865,79.982349,23.26982,10,6,1,6.486641,79.983178333,2026-03-01 10:41:50,96.0,448.1856340851231,69.33737702768836,26.662622972311638
-OmdWzWaxtc759WY5hVU,2026-03-01 10:40:33,6.489680333,79.982527833,12.98221,10,6,1,6.4861685,79.983202333,2026-03-01 10:42:09,96.0,397.5449975724827,110.24024347633706,-14.240243476337056
-OmdygH9Bipg9iEqK1PF,2026-03-01 10:40:53,6.489048167,79.9826335,26.98017,10,6,1,6.4853045,79.983256167,2026-03-01 10:42:28,95.0,421.92295867970176,56.2977420545136,38.7022579454864
-Omdq6Ei9UMuyUF4lTqG,2026-03-01 10:41:12,6.487724333,79.983085667,14.7204,10,6,1,6.484286167,79.983313667,2026-03-01 10:42:48,96.0,383.13560738401657,93.69909693910895,2.300903060891045
-OmddQuDHGlGLTYbRU1t,2026-03-01 10:41:31,6.487161167,79.983127833,11.40423,10,6,1,6.483843667,79.983369333,2026-03-01 10:43:07,96.0,369.8528538913284,116.75231681654807,-20.752316816548074
-OmdUJxhiAhEYCkzO0q5,2026-03-01 10:41:50,6.486641,79.983178333,0.0,10,6,1,6.482206,79.983289333,2026-03-01 10:43:26,96.0,493.3019630738383,355.1774134131636,-259.1774134131636
-Omd2JBhydaa6YJeYT8U,2026-03-01 10:42:09,6.4861685,79.983202333,15.73982,10,6,1,6.4818565,79.983264167,2026-03-01 10:43:45,96.0,479.5211907400149,109.67573242032333,-13.675732420323328
-OmdlHEOk6hURLHoGbWA,2026-03-01 10:42:28,6.4853045,79.983256167,0.0,10,6,1,6.481451167,79.983246,2026-03-01 10:44:04,96.0,428.47255268811335,308.50023793544165,-212.50023793544165
-OmdvkOzyUTXfsW4g0Xw,2026-03-01 10:42:48,6.484286167,79.983313667,0.0,10,6,1,6.480433,79.983226667,2026-03-01 10:44:23,95.0,428.56042966968926,308.56350936217626,-213.56350936217626
-OmdMmGF5YSW1FodlRiW,2026-03-01 10:43:07,6.483843667,79.983369333,0.0,10,6,1,6.479990667,79.983228,2026-03-01 10:44:43,96.0,428.7185172835945,308.67733244418804,-212.67733244418804
-OmdCbewLVZ8SShDYXCt,2026-03-01 10:43:26,6.482206,79.983289333,0.0,10,6,1,6.4796455,79.983216333,2026-03-01 10:45:02,96.0,284.8288239189323,205.07675322163126,-109.07675322163126
-OmdPkKZVd6kfVjLBCzT,2026-03-01 10:43:45,6.4818565,79.983264167,7.22279,10,6,1,6.478952667,79.983092333,2026-03-01 10:45:21,96.0,323.4491439946086,161.21428400667762,-65.21428400667762
-Omd8TbmAgat5AgCpGzf,2026-03-01 10:44:04,6.481451167,79.983246,18.68214,10,6,1,6.476985833,79.982799167,2026-03-01 10:45:40,96.0,498.9707408019784,96.15036965182374,-0.15036965182373763
-Omdp3e5aXkXgLQM0aHf,2026-03-01 10:44:23,6.480433,79.983226667,0.0,10,6,1,6.475166833,79.983404,2026-03-01 10:45:59,96.0,585.8987369447198,421.8470906001982,-325.8470906001982
-OmdLj92ignqO4xJlmJd,2026-03-01 10:44:43,6.479990667,79.983228,0.0,10,6,1,6.474916333,79.9834885,2026-03-01 10:46:18,95.0,564.973775399444,406.78111828759967,-311.78111828759967
-OmdKsf8cISuCejQAws8,2026-03-01 10:45:02,6.4796455,79.983216333,0.0,10,6,1,6.474685167,79.983569,2026-03-01 10:46:38,96.0,552.9384468383927,398.11568172364275,-302.11568172364275
-OmdU3zmZ51eYZgcQdO0,2026-03-01 10:45:21,6.478952667,79.983092333,45.429,10,6,1,6.474565833,79.983627667,2026-03-01 10:46:57,96.0,491.36645029437204,38.938106078930616,57.061893921069384
-OmdV3tbnHjBFkpigioP,2026-03-01 10:45:40,6.476985833,79.982799167,46.51326,10,6,1,6.4739795,79.983853,2026-03-01 10:47:16,96.0,353.9856383596712,27.397527029815073,68.60247297018492
-OmdUVNlK93p0HCyw16T,2026-03-01 10:45:59,6.475166833,79.983404,0.0,10,6,1,6.473351833,79.984106,2026-03-01 10:47:35,96.0,216.2094763639593,155.6708229820507,-59.67082298205071
-OmdnrScgo2cjp7K9LoE,2026-03-01 10:46:18,6.474916333,79.9834885,5.00252,10,6,1,6.472768167,79.984323167,2026-03-01 10:47:54,96.0,256.0486176875782,184.26213661820074,-88.26213661820074
-OmdOMgFGwHoZ8XFO5oV,2026-03-01 10:46:38,6.474685167,79.983569,2.38321,10,6,1,6.472400333,79.984466167,2026-03-01 10:48:13,95.0,272.71433851701966,196.35432373225416,-101.35432373225416
-Omd0jNpcMPCGztp0MI8,2026-03-01 10:46:57,6.474565833,79.983627667,12.99853,10,6,1,6.471664167,79.984756167,2026-03-01 10:48:33,96.0,345.9036643386826,95.79953976482396,0.20046023517603828
-OmdUBRmtiSmhXZ5zvzr,2026-03-01 10:47:16,6.4739795,79.983853,17.61628,10,6,1,6.470621667,79.9851275,2026-03-01 10:48:52,96.0,399.04500551938315,81.54741068317371,14.452589316826291
-OmdSsrfXOsfbI1s5FPt,2026-03-01 10:47:35,6.473351833,79.984106,13.68586,10,6,1,6.470015167,79.985343333,2026-03-01 10:49:11,96.0,395.40520610801246,104.00944785266287,-8.009447852662873
-OmdUNosLVPVjZbAn4rU,2026-03-01 10:47:54,6.472768167,79.984323167,10.18795,10,6,1,6.4695205,79.985522667,2026-03-01 10:49:30,96.0,384.67443580757765,135.9280295748683,-39.928029574868305
-OmdTzzuMavgOaFNUHRh,2026-03-01 10:48:13,6.472400333,79.984466167,0.0,10,6,1,6.469008833,79.9857075,2026-03-01 10:49:49,96.0,401.2829101172901,288.9236952844489,-192.9236952844489
-OmdfrFb9iWNiRwltQFs,2026-03-01 10:48:33,6.471664167,79.984756167,0.0,10,6,1,6.468857833,79.985771667,2026-03-01 10:50:08,95.0,331.60809705641475,238.75782988061863,-143.75782988061863
-OmdubzswFiDXdvl0V57,2026-03-01 10:48:52,6.470621667,79.9851275,16.00361,10,6,1,6.467984833,79.986083,2026-03-01 10:50:28,96.0,311.6292872161448,70.10077313669362,25.89922686330638
-Omd6hLm2NJGQfQvOLlW,2026-03-01 10:49:11,6.470015167,79.985343333,0.0,10,6,1,6.465475667,79.986953333,2026-03-01 10:50:47,96.0,535.1962105277364,385.3412715799702,-289.3412715799702
-Omd2eFV3CcUQt7PCvgP,2026-03-01 10:49:30,6.4695205,79.985522667,0.0,10,6,1,6.4644615,79.987166667,2026-03-01 10:51:06,96.0,591.1339302095395,425.61642975086846,-329.61642975086846
-OmdP7k3FZYr41ZSbBg3,2026-03-01 10:49:49,6.469008833,79.9857075,2.86707,10,6,1,6.463719167,79.987176833,2026-03-01 10:51:25,96.0,610.1767622886424,439.32726884782255,-343.32726884782255
-OmdmoS8PbGBU7KrmQvi,2026-03-01 10:50:08,6.468857833,79.985771667,21.27603,10,6,1,6.463303167,79.987165333,2026-03-01 10:51:44,96.0,636.5556213941818,107.70807509761241,-11.708075097612408
-Omd83nfCrJ3pgyPMWYn,2026-03-01 10:50:28,6.467984833,79.986083,0.0,10,6,1,6.462930167,79.9871485,2026-03-01 10:52:03,95.0,574.2498698905953,413.45990632122863,-318.45990632122863
-OmdELy9IkqShUEzztJr,2026-03-01 10:50:47,6.465475667,79.986953333,0.0,10,6,1,6.461668667,79.987093,2026-03-01 10:52:23,96.0,423.60026080104257,304.99218777675065,-208.99218777675065
-OmdeDs9I8oVr6n44YbR,2026-03-01 10:51:06,6.4644615,79.987166667,17.31295,10,6,1,6.461,79.987035,2026-03-01 10:52:42,96.0,385.17606105925705,80.09229044231776,15.907709557682239
-OmdKgGdRV6vzrrEJJtb,2026-03-01 10:51:25,6.463719167,79.987176833,9.18106,10,6,1,6.460688,79.987026667,2026-03-01 10:53:01,96.0,337.4585133946262,132.3213929786598,-36.32139297865979
-OmdOeHaq1qlCPdAiaNj,2026-03-01 10:51:44,6.463303167,79.987165333,7.36009,10,6,1,6.460056333,79.986971833,2026-03-01 10:53:20,96.0,361.6639402208825,176.89867716225987,-80.89867716225987
-OmdCXc6UqiCB1nUO2Q2,2026-03-01 10:52:03,6.462930167,79.9871485,28.15597,10,6,1,6.459699167,79.986965167,2026-03-01 10:53:39,96.0,359.84139221128385,46.00903509843993,49.99096490156007
-Omd3PglI0DTp3ABHC6B,2026-03-01 10:52:23,6.461668667,79.987093,12.32364,10,6,1,6.4593,79.9869705,2026-03-01 10:53:58,95.0,263.73129212527186,77.04157632412004,17.958423675879956
-OmdSqQpC1VL5nordvzQ,2026-03-01 10:52:42,6.461,79.987035,6.60822,10,6,1,6.458984333,79.986954833,2026-03-01 10:54:18,96.0,224.30689883315804,122.19702670301062,-26.19702670301062
-OmdbQqQUJbIFSncVbZA,2026-03-01 10:53:01,6.460688,79.987026667,13.52831,10,6,1,6.4578185,79.986758,2026-03-01 10:54:37,96.0,320.451715706552,85.27496609285176,10.725033907148244
-Omdi0CIez9404ic3jR9,2026-03-01 10:53:20,6.460056333,79.986971833,9.17589,10,6,1,6.456981,79.985935167,2026-03-01 10:54:56,96.0,360.6343416641689,141.4885782186805,-45.48857821868049
-OmdPJR0gQZxXWAAgbgD,2026-03-01 10:53:39,6.459699167,79.986965167,0.0,10,6,1,6.4562895,79.9852625,2026-03-01 10:55:15,96.0,423.2457673867739,304.7369525184772,-208.7369525184772
-OmdscOdROhLtNGcpVro,2026-03-01 10:53:58,6.4593,79.9869705,7.67414,10,6,1,6.456146167,79.985148667,2026-03-01 10:55:34,96.0,404.35455828704147,189.68593351611372,-93.68593351611372
-Omd0W56LLkMDyiqVZ0v,2026-03-01 10:54:18,6.458984333,79.986954833,23.26713,10,6,1,6.455394833,79.9850565,2026-03-01 10:55:53,95.0,450.8896179352034,69.7637665052257,25.236233494774297
-Omd5JoivOpopz0PuNf0,2026-03-01 10:54:37,6.4578185,79.986758,25.45106,10,6,1,6.4550235,79.985187,2026-03-01 10:56:13,96.0,355.97765039004156,50.35230522438553,45.64769477561447
-OmdU8nqaXyh5QgWWM5q,2026-03-01 10:54:56,6.456981,79.985935167,18.2206,10,6,1,6.452682167,79.9859505,2026-03-01 10:56:32,96.0,478.0114222507285,94.4448108241563,1.5551891758436938
-OmdMTEVJgLxrbSMw4wW,2026-03-01 10:55:15,6.4562895,79.9852625,4.62464,10,6,1,6.452469333,79.986020333,2026-03-01 10:56:51,96.0,432.95725575655626,311.72922414472055,-215.72922414472055
-OmdJ1Lqdf11FVhEcaw5,2026-03-01 10:55:34,6.456146167,79.985148667,18.89366,10,6,1,6.452033667,79.986175,2026-03-01 10:57:10,96.0,471.13995214104625,89.77105694226351,6.228943057736487
-OmdNiSsnoFsrJ0hCcOm,2026-03-01 10:55:53,6.455394833,79.9850565,0.0,10,6,1,6.451619167,79.986318167,2026-03-01 10:57:29,96.0,442.37344422122817,318.5088798392843,-222.5088798392843
-Omdnym8HWcKRb302Flb,2026-03-01 10:56:13,6.4550235,79.985187,0.0,10,6,1,6.449253667,79.987614167,2026-03-01 10:57:48,95.0,695.3704403977806,500.66671708640206,-405.66671708640206
-OmdUIxAme2fdlCBCnLJ,2026-03-01 10:56:32,6.452682167,79.9859505,4.47436,10,6,1,6.446922167,79.989335333,2026-03-01 10:58:08,96.0,741.6803429759822,534.0098469427072,-438.0098469427072
-Omd71eBmkkgxQnOHeoW,2026-03-01 10:56:51,6.452469333,79.986020333,10.60165,10,6,1,6.446484,79.989654833,2026-03-01 10:58:27,96.0,777.3084600147282,263.95046582871737,-167.95046582871737
-Omd0SXJNAO1DADiIRY0,2026-03-01 10:57:10,6.452033667,79.986175,0.0,10,6,1,6.44562,79.990214833,2026-03-01 10:58:46,96.0,841.3385978947681,605.763790484233,-509.763790484233
-OmdSSAdiWMTeyvtqF7c,2026-03-01 10:57:29,6.451619167,79.986318167,61.10521,10,6,1,6.444976667,79.990633167,2026-03-01 10:59:05,96.0,879.1236523617057,51.7933765140835,44.2066234859165
-OmdnYNl5ivA8IlwSUg8,2026-03-01 10:57:48,6.449253667,79.987614167,52.55884,10,6,1,6.444514333,79.990924333,2026-03-01 10:59:24,96.0,641.4737441154717,43.937527518029285,52.062472481970715
-OmdLWI64pE5DKACUGCs,2026-03-01 10:58:08,6.446922167,79.989335333,0.0,10,6,1,6.442599167,79.992194167,2026-03-01 10:59:43,95.0,575.1937409569591,414.1394934890106,-319.1394934890106
-Omd1fij82JF0OKtmz9w,2026-03-01 10:58:27,6.446484,79.989654833,0.0,10,6,1,6.441763167,79.992760667,2026-03-01 11:00:03,96.0,627.1527972483259,451.5500140187947,-355.5500140187947
-OmdCgKOtNo8UApGS7Yt,2026-03-01 10:58:46,6.44562,79.990214833,0.0,10,6,1,6.441172333,79.993121667,2026-03-01 11:00:22,96.0,589.7002861621252,424.5842060367301,-328.5842060367301
-OmdHmY8vU4mkxisFcKV,2026-03-01 10:59:05,6.444976667,79.990633167,13.10207,10,6,1,6.440398333,79.993596833,2026-03-01 11:00:41,96.0,605.3118078407882,166.31894870252088,-70.31894870252088
-Omdti7noJgQEvrskapb,2026-03-01 10:59:24,6.444514333,79.990924333,50.64561,10,6,1,6.440112167,79.993765,2026-03-01 11:01:00,96.0,581.4853095724214,41.33323923753149,54.66676076246851
-Omdxx5VQZ5T984WQlNk,2026-03-01 10:59:43,6.442599167,79.992194167,23.64483,10,6,1,6.439588833,79.9941125,2026-03-01 11:01:19,96.0,396.2004979931857,60.32277638602048,35.67722361397952
-OmdhnSuGifXFoSg4Gfb,2026-03-01 11:00:03,6.441763167,79.992760667,15.20928,11,6,1,6.438347167,79.99489,2026-03-01 11:01:38,95.0,446.80542212827686,105.75776891883092,-10.75776891883092
-OmdcflB7N3KfHzFSgC3,2026-03-01 11:00:22,6.441172333,79.993121667,15.77302,11,6,1,6.436882833,79.995826,2026-03-01 11:01:58,96.0,562.8402127582094,128.46143388707765,-32.461433887077646
-Omdwo0HzYF7Zdb97uQ0,2026-03-01 11:00:41,6.440398333,79.993596833,6.69756,11,6,1,6.436640167,79.995983333,2026-03-01 11:02:17,96.0,494.13073900577467,265.5998095456836,-169.59980954568363
-OmdKvh1qp6IEpJsSYSC,2026-03-01 11:01:00,6.440112167,79.993765,0.0,11,6,1,6.435582833,79.996666167,2026-03-01 11:02:36,96.0,597.0020300799065,429.8414616575327,-333.8414616575327
-Omd0nyxfjvMuV1iRqID,2026-03-01 11:01:19,6.439588833,79.9941125,25.68193,11,6,1,6.433053333,79.998118833,2026-03-01 11:02:55,96.0,850.9265313642492,119.27980151457841,-23.27980151457841
-Omd4DVZutgcqqcRSjdR,2026-03-01 11:01:38,6.438347167,79.99489,0.0,11,6,1,6.432838833,79.998216667,2026-03-01 11:03:14,96.0,714.3304543639466,514.3179271420415,-418.3179271420415
-Omdt7hT9xwFu9p3KD0m,2026-03-01 11:01:58,6.436882833,79.995826,0.0,11,6,1,6.432073,79.998575,2026-03-01 11:03:34,96.0,615.0656294720185,442.8472532198533,-346.8472532198533
-Omd5nG2KJ20XRDDDX7l,2026-03-01 11:02:17,6.436640167,79.995983333,32.00051,11,6,1,6.432073,79.998575,2026-03-01 11:14:08,711.0,583.0199295702225,65.58869675679547,645.4113032432045
-OmdURLKQuERq9P3FEwb,2026-03-01 11:02:36,6.435582833,79.996666167,72.90742,11,6,1,6.432838833,79.998216667,2026-03-01 11:14:25,709.0,349.92667629389774,17.278571024156825,691.7214289758432
-Omd9YsXvyJ4tHrXgUIu,2026-03-01 11:02:55,6.433053333,79.998118833,0.0,11,6,1,6.433053333,79.998118833,2026-03-01 11:14:43,708.0,0.0,0.0,708.0
-OmdTiQS6sucTlYaGQld,2026-03-01 11:03:14,6.432838833,79.998216667,0.0,11,6,1,6.435582833,79.996666167,2026-03-01 11:15:01,707.0,349.92667629389774,251.9472069316064,455.0527930683936
-OmdbNKP9nZoscEhZtJh,2026-03-01 11:03:34,6.432073,79.998575,0.0,11,6,1,6.436640167,79.995983333,2026-03-01 11:15:19,705.0,583.0199295702225,419.7743492905602,285.2256507094398
-OmdEZDQk5lMEJkatOrf,2026-03-01 11:14:08,6.432073,79.998575,0.0,11,6,1,6.436882833,79.995826,2026-03-01 11:15:37,89.0,615.0656294720185,442.8472532198533,-353.8472532198533
-OmdbM8aEfKAqnqgmNYw,2026-03-01 11:14:25,6.432838833,79.998216667,0.0,11,6,1,6.438347167,79.99489,2026-03-01 11:15:55,90.0,714.3304543639466,514.3179271420415,-424.3179271420415
-OmdfLK0iOrJJnv7qUzT,2026-03-01 11:14:43,6.433053333,79.998118833,0.0,11,6,1,6.439588833,79.9941125,2026-03-01 11:16:13,90.0,850.9265313642492,612.6671025822594,-522.6671025822594
-OmdEUDNKpRaPEw2sSsR,2026-03-01 11:15:01,6.435582833,79.996666167,41.60173,11,6,1,6.440112167,79.993765,2026-03-01 11:16:31,90.0,597.0020300799065,51.66148879596265,38.33851120403735
-OmdPkxG31r9UZ56knWF,2026-03-01 11:15:19,6.436640167,79.995983333,13.44953,11,6,1,6.440398333,79.993596833,2026-03-01 11:16:49,90.0,494.13073900577467,132.26266348495366,-42.26266348495366
-OmdSC758Ou32WsNwKGG,2026-03-01 11:15:37,6.436882833,79.995826,0.0,11,6,1,6.441172333,79.993121667,2026-03-01 11:17:07,90.0,562.8402127582094,405.2449531859108,-315.2449531859108
-Omd842oLzShKuLMMEYH,2026-03-01 11:15:55,6.438347167,79.99489,0.0,11,6,1,6.441763167,79.992760667,2026-03-01 11:17:25,90.0,446.80542212827686,321.69990393235935,-231.69990393235935
-OmdAVqieZGzimdcMibC,2026-03-01 11:16:13,6.439588833,79.9941125,18.88804,11,6,1,6.442599167,79.992194167,2026-03-01 11:17:43,90.0,396.2004979931857,75.5145474477748,14.485452552225198
-OmdzuOOXsjGm5MvSiJt,2026-03-01 11:16:31,6.440112167,79.993765,0.0,11,6,1,6.444514333,79.990924333,2026-03-01 11:18:01,90.0,581.4853095724214,418.6694228921435,-328.6694228921435
-OmdHwNR6Fhvxv14MBDY,2026-03-01 11:16:49,6.440398333,79.993596833,13.59226,11,6,1,6.444976667,79.990633167,2026-03-01 11:18:19,90.0,605.3118078407882,160.3208376110255,-70.3208376110255
-OmdR2FY68Qn0UbLrfIZ,2026-03-01 11:17:07,6.441172333,79.993121667,19.28888,11,6,1,6.44562,79.990214833,2026-03-01 11:18:37,90.0,589.7002861621252,110.0593207165813,-20.059320716581297
-Omd8eELlJe8tSlCAB3y,2026-03-01 11:17:25,6.441763167,79.992760667,17.77281,11,6,1,6.446484,79.989654833,2026-03-01 11:18:55,90.0,627.1527972483259,127.03393948925202,-37.03393948925202
-Omd6CXOjltRUhBd7k3M,2026-03-01 11:17:43,6.442599167,79.992194167,37.91286,11,6,1,6.446922167,79.989335333,2026-03-01 11:19:13,90.0,575.1937409569591,54.617284674515524,35.382715325484476
-OmdPFT0ULjGEyN9zK9Y,2026-03-01 11:18:01,6.444514333,79.990924333,30.22065,11,6,1,6.449253667,79.987614167,2026-03-01 11:19:31,90.0,641.4737441154717,76.4148183052217,13.5851816947783
-OmdFu0aCrjEBlYDleIz,2026-03-01 11:18:19,6.444976667,79.990633167,15.4175,11,6,1,6.451619167,79.986318167,2026-03-01 11:19:49,90.0,879.1236523617057,205.2761568673352,-115.2761568673352
-OmdJThIMqgERaGaXMrC,2026-03-01 11:18:37,6.44562,79.990214833,0.0,11,6,1,6.452033667,79.986175,2026-03-01 11:20:07,90.0,841.3385978947681,605.763790484233,-515.763790484233
-OmdWUxAsRFQnObc5878,2026-03-01 11:18:55,6.446484,79.989654833,0.0,11,6,1,6.452469333,79.986020333,2026-03-01 11:20:25,90.0,777.3084600147282,559.6620912106043,-469.66209121060433
-OmdRCo7H5DatoINnRA6,2026-03-01 11:19:13,6.446922167,79.989335333,0.0,11,6,1,6.452682167,79.9859505,2026-03-01 11:20:43,90.0,741.6803429759822,534.0098469427072,-444.0098469427072
-OmdEGSJEHPTtIVG1Ala,2026-03-01 11:19:31,6.449253667,79.987614167,73.16313,11,6,1,6.4550235,79.985187,2026-03-01 11:21:00,89.0,695.3704403977806,34.21578034499085,54.78421965500915
-Omd9gzgS3aylaZbktFI,2026-03-01 11:19:49,6.451619167,79.986318167,30.22366,11,6,1,6.455394833,79.9850565,2026-03-01 11:21:18,89.0,442.37344422122817,52.69197705362029,36.30802294637971
-Omd6R623EDaqlhSI6Gn,2026-03-01 11:20:07,6.452033667,79.986175,0.0,11,6,1,6.456146167,79.985148667,2026-03-01 11:21:36,89.0,471.13995214104625,339.2207655415533,-250.2207655415533
-OmdPXKS4txfwg9OuAzf,2026-03-01 11:20:25,6.452469333,79.986020333,6.96518,11,6,1,6.4562895,79.9852625,2026-03-01 11:21:54,89.0,432.95725575655626,223.77686157767673,-134.77686157767673
-Omd1rYcGNL5xpzzL4W7,2026-03-01 11:20:43,6.452682167,79.9859505,38.47613,11,6,1,6.456981,79.985935167,2026-03-01 11:22:12,89.0,478.0114222507285,44.72490138957902,44.27509861042098
-OmdvwdenHmQc85TlPnP,2026-03-01 11:21:00,6.4550235,79.985187,0.0,11,6,1,6.4578185,79.986758,2026-03-01 11:22:30,90.0,355.97765039004156,256.30390828082994,-166.30390828082994
-OmdCox0Zze2EiZhfMXS,2026-03-01 11:21:18,6.455394833,79.9850565,0.0,11,6,1,6.458984333,79.986954833,2026-03-01 11:22:48,90.0,450.8896179352034,324.64052491334644,-234.64052491334644
-Omdps3FocV8LDNVzjCL,2026-03-01 11:21:36,6.456146167,79.985148667,8.26673,11,6,1,6.4593,79.9869705,2026-03-01 11:23:06,90.0,404.35455828704147,176.08853922087079,-86.08853922087079
-OmdOvyNuhbQY8zVZFiH,2026-03-01 11:21:54,6.4562895,79.9852625,16.8248,11,6,1,6.459699167,79.986965167,2026-03-01 11:23:24,90.0,423.2457673867739,90.56183506445164,-0.5618350644516426
-OmdDLgLE8YlT2WqBhpJ,2026-03-01 11:22:12,6.456981,79.985935167,23.13984,11,6,1,6.460056333,79.986971833,2026-03-01 11:23:42,90.0,360.6343416641689,56.105989928668826,33.894010071331174
-Omd8tFolj046m1FDRVv,2026-03-01 11:22:30,6.4578185,79.986758,25.2406,11,6,1,6.460688,79.987026667,2026-03-01 11:24:00,90.0,320.451715706552,45.70518040552076,44.29481959447924
-OmddisftOxK5o6JIxlp,2026-03-01 11:22:48,6.458984333,79.986954833,16.06551,11,6,1,6.461,79.987035,2026-03-01 11:24:18,90.0,224.30689883315804,50.26325562023048,39.73674437976952
-OmdoSLcGuuOBAiIMw4E,2026-03-01 11:23:06,6.4593,79.9869705,7.06156,11,6,1,6.461668667,79.987093,2026-03-01 11:24:36,90.0,263.73129212527186,134.45083687612635,-44.450836876126345
-OmdUVWUvAxFCmY9DAWJ,2026-03-01 11:23:24,6.459699167,79.986965167,0.0,11,6,1,6.462930167,79.9871485,2026-03-01 11:24:54,90.0,359.84139221128385,259.0858023921244,-169.08580239212438
-OmdMIB9PvH9w7uoxhVC,2026-03-01 11:23:42,6.460056333,79.986971833,12.46238,11,6,1,6.463303167,79.987165333,2026-03-01 11:25:12,90.0,361.6639402208825,104.47363864648463,-14.47363864648463
-OmddxJ7zUIdFIYErwkW,2026-03-01 11:24:00,6.460688,79.987026667,11.32399,11,6,1,6.463719167,79.987176833,2026-03-01 11:25:30,90.0,337.4585133946262,107.2811480953846,-17.281148095384594
-Omdiz2rsgE731RDniwQ,2026-03-01 11:24:18,6.461,79.987035,11.0347,11,6,1,6.4644615,79.987166667,2026-03-01 11:25:48,90.0,385.17606105925705,125.66121596539328,-35.66121596539328
-OmdVZbkAnAhkFdPduXG,2026-03-01 11:24:36,6.461668667,79.987093,27.05861,11,6,1,6.465475667,79.986953333,2026-03-01 11:26:06,90.0,423.60026080104257,56.35769682492017,33.64230317507983
-OmdOTUlqXyLuzPpQDWP,2026-03-01 11:24:54,6.462930167,79.9871485,16.66054,11,6,1,6.467984833,79.986083,2026-03-01 11:26:24,90.0,574.2498698905953,124.08358502222275,-34.08358502222275
-OmdUUk9yBuJRrylwKVA,2026-03-01 11:25:12,6.463303167,79.987165333,9.9329,11,6,1,6.468857833,79.985771667,2026-03-01 11:26:42,90.0,636.5556213941818,230.70807488437964,-140.70807488437964
-Omdzz4KtaSe8CLX7DXw,2026-03-01 11:25:30,6.463719167,79.987176833,13.52316,11,6,1,6.469008833,79.9857075,2026-03-01 11:27:00,90.0,610.1767622886424,162.43513677565838,-72.43513677565838
-OmdY9CdiwKMfPY9srwv,2026-03-01 11:25:48,6.4644615,79.987166667,19.77832,11,6,1,6.4695205,79.985522667,2026-03-01 11:27:18,90.0,591.1339302095395,107.59670936431112,-17.596709364311124
-OmdU9JOzRtZ1yQOveEU,2026-03-01 11:26:06,6.465475667,79.986953333,0.0,11,6,1,6.470015167,79.985343333,2026-03-01 11:27:35,89.0,535.1962105277364,385.3412715799702,-296.3412715799702
-OmdY7JPd0I5E73BI4Ir,2026-03-01 11:26:24,6.467984833,79.986083,0.0,11,6,1,6.470621667,79.9851275,2026-03-01 11:27:53,89.0,311.6292872161448,224.37308679562426,-135.37308679562426
-OmdLBqpfDMvt1nzo9k8,2026-03-01 11:26:42,6.468857833,79.985771667,9.63535,11,6,1,6.471664167,79.984756167,2026-03-01 11:28:11,89.0,331.60809705641475,123.89681219707565,-34.89681219707565
-OmdUEn8vJ7GzCDvUqRq,2026-03-01 11:27:00,6.469008833,79.9857075,7.02286,11,6,1,6.472400333,79.984466167,2026-03-01 11:28:29,89.0,401.2829101172901,205.7023031104485,-116.7023031104485
-OmdYvilNLe5T2PEp1DR,2026-03-01 11:27:18,6.4695205,79.985522667,0.0,11,6,1,6.472768167,79.984323167,2026-03-01 11:28:47,89.0,384.67443580757765,276.96559378145594,-187.96559378145594
-Omd2epVB8xX4DtuAmY9,2026-03-01 11:27:35,6.470015167,79.985343333,0.0,11,6,1,6.473351833,79.984106,2026-03-01 11:29:05,90.0,395.40520610801246,284.691748397769,-194.691748397769
-OmdJk6TE4u7RFRiaRYB,2026-03-01 11:27:53,6.470621667,79.9851275,18.16727,11,6,1,6.4739795,79.983853,2026-03-01 11:29:23,90.0,399.04500551938315,79.07418229980506,10.92581770019494
-OmdjRVZJ4gqdMIjWQz7,2026-03-01 11:28:11,6.471664167,79.984756167,0.0,11,6,1,6.474565833,79.983627667,2026-03-01 11:29:41,90.0,345.9036643386826,249.05063832385147,-159.05063832385147
-Omdq3dZJfYueKnUhpCl,2026-03-01 11:28:29,6.472400333,79.984466167,0.0,11,6,1,6.474685167,79.983569,2026-03-01 11:29:59,90.0,272.71433851701966,196.35432373225416,-106.35432373225416
-OmdUJwYse4JUHS54s2w,2026-03-01 11:28:47,6.472768167,79.984323167,14.21983,11,6,1,6.474916333,79.9834885,2026-03-01 11:30:17,90.0,256.0486176875782,64.82320981863225,25.17679018136775
-OmdmQuMh8CWJGCRNfCM,2026-03-01 11:29:05,6.473351833,79.984106,14.88553,11,6,1,6.475166833,79.983404,2026-03-01 11:30:35,90.0,216.2094763639593,52.28931149312477,37.71068850687523
-Omd6wfURCGJnL5McpMJ,2026-03-01 11:29:23,6.4739795,79.983853,14.30649,11,6,1,6.476985833,79.982799167,2026-03-01 11:30:53,90.0,353.9856383596712,89.07483932780272,0.9251606721972792
-Omddt2Z8HUCremyu1IZ,2026-03-01 11:29:41,6.474565833,79.983627667,8.68086,11,6,1,6.478952667,79.983092333,2026-03-01 11:31:11,90.0,491.36645029437204,203.77234756230828,-113.77234756230828
-OmdTegIHskwBZHsfN2e,2026-03-01 11:29:59,6.474685167,79.983569,4.66115,11,6,1,6.4796455,79.983216333,2026-03-01 11:31:29,90.0,552.9384468383927,398.11568172364275,-308.11568172364275
-OmdUTxdpThwaYua3K89,2026-03-01 11:30:17,6.474916333,79.9834885,6.84762,11,6,1,6.479990667,79.983228,2026-03-01 11:31:47,90.0,564.973775399444,297.0237237811091,-207.02372378110908
-OmdfpTSOa88SCCustIx,2026-03-01 11:30:35,6.475166833,79.983404,0.0,11,6,1,6.480433,79.983226667,2026-03-01 11:32:05,90.0,585.8987369447198,421.8470906001982,-331.8470906001982
-OmdPbgkvKphYzD1b9pd,2026-03-01 11:30:53,6.476985833,79.982799167,41.456,11,6,1,6.481451167,79.983246,2026-03-01 11:32:23,90.0,498.9707408019784,43.3301492398476,46.6698507601524
-OmdjjsJ7Q1tp20CV6Ze,2026-03-01 11:31:11,6.478952667,79.983092333,24.35727,11,6,1,6.4818565,79.983264167,2026-03-01 11:32:41,90.0,323.4491439946086,47.805723645572385,42.194276354427615
-OmdrOzkDjP6YHG3Aw5t,2026-03-01 11:31:29,6.4796455,79.983216333,0.0,11,6,1,6.482206,79.983289333,2026-03-01 11:32:59,90.0,284.8288239189323,205.07675322163126,-115.07675322163126
-OmdsjfB0ypHCFU7NIs4,2026-03-01 11:31:47,6.479990667,79.983228,0.0,11,6,1,6.483843667,79.983369333,2026-03-01 11:33:17,90.0,428.7185172835945,308.67733244418804,-218.67733244418804
-OmdsuRa1yl0i3Bhb048,2026-03-01 11:32:05,6.480433,79.983226667,0.0,11,6,1,6.484286167,79.983313667,2026-03-01 11:33:35,90.0,428.56042966968926,308.56350936217626,-218.56350936217626
-OmdLHhr284VVtiVek83,2026-03-01 11:32:23,6.481451167,79.983246,17.15043,11,6,1,6.4853045,79.983256167,2026-03-01 11:33:53,90.0,428.47255268811335,89.9395052880428,0.06049471195720457
-Omd5m8Ni9pRp6VirEdV,2026-03-01 11:32:41,6.4818565,79.983264167,7.23196,11,6,1,6.4861685,79.983202333,2026-03-01 11:34:11,90.0,479.5211907400149,238.7010280289235,-148.7010280289235
-OmdbWOLGnWELglIAV05,2026-03-01 11:32:59,6.482206,79.983289333,0.0,11,6,1,6.486641,79.983178333,2026-03-01 11:34:28,89.0,493.3019630738383,355.1774134131636,-266.1774134131636
-OmdFPVKSGVqtREnHw6X,2026-03-01 11:33:17,6.483843667,79.983369333,0.0,11,6,1,6.487161167,79.983127833,2026-03-01 11:34:46,89.0,369.8528538913284,266.29405480175643,-177.29405480175643
-OmdM7sp6IEVNugygh0x,2026-03-01 11:33:35,6.484286167,79.983313667,0.0,11,6,1,6.487724333,79.983085667,2026-03-01 11:35:04,89.0,383.13560738401657,275.85763731649195,-186.85763731649195
-OmdW2vMBaSzpntpZ29c,2026-03-01 11:33:53,6.4853045,79.983256167,0.0,11,6,1,6.489048167,79.9826335,2026-03-01 11:35:22,89.0,421.92295867970176,303.7845302493853,-214.78453024938528
-OmdwYR0EIH5QOLsSuub,2026-03-01 11:34:11,6.4861685,79.983202333,16.26038,11,6,1,6.489680333,79.982527833,2026-03-01 11:35:40,89.0,397.5449975724827,88.01528569817789,0.984714301822109
-Omdg6WCUxJLG3Np09kZ,2026-03-01 11:34:28,6.486641,79.983178333,0.0,11,6,1,6.4905865,79.982349,2026-03-01 11:35:58,90.0,448.1856340851231,322.69365654128865,-232.69365654128865
-OmdJydot6BXFWGQ3zyy,2026-03-01 11:34:46,6.487161167,79.983127833,12.75932,11,6,1,6.491479667,79.982231833,2026-03-01 11:36:16,90.0,490.29276515621103,138.33448448368404,-48.33448448368404
-OmdGDw6RMR3tUqFnLqS,2026-03-01 11:35:04,6.487724333,79.983085667,28.38792,11,6,1,6.4926285,79.981865833,2026-03-01 11:36:34,90.0,561.725224670022,71.23490586179189,18.765094138208113
-Omdy7RmdWtuXshjy0Ks,2026-03-01 11:35:22,6.489048167,79.9826335,25.04796,11,6,1,6.493787167,79.981626167,2026-03-01 11:36:52,90.0,538.5769786811529,77.40658813141471,12.593411868585292
-Omdnm3pLV4n114DpTLT,2026-03-01 11:35:40,6.489680333,79.982527833,19.31635,11,6,1,6.4942385,79.981557833,2026-03-01 11:37:10,90.0,518.05092779956,96.54946923608321,-6.549469236083212
-OmdFtQysSWSFigWr7zU,2026-03-01 11:35:58,6.4905865,79.982349,16.63941,11,6,1,6.494679,79.981491333,2026-03-01 11:37:28,90.0,464.82596416696646,100.5668753279761,-10.566875327976106
-OmdfsHL4oZ5H5EoLGWl,2026-03-01 11:36:16,6.491479667,79.982231833,19.64594,11,6,1,6.494997333,79.981439833,2026-03-01 11:37:46,90.0,400.81439251031554,73.44681970102403,16.553180298975974
-OmdyrlMmpC17mmXBMGk,2026-03-01 11:36:34,6.4926285,79.981865833,26.46692,11,6,1,6.495934,79.981221833,2026-03-01 11:38:04,90.0,374.3779896633615,50.92246331602247,39.07753668397753
-Omd2fHhusVlJfL5jN5w,2026-03-01 11:36:52,6.493787167,79.981626167,19.00799,11,6,1,6.497488167,79.9809465,2026-03-01 11:38:22,90.0,418.3270230526043,79.22864453260841,10.771355467391587
-OmdBqe80hVvNzeJOM2c,2026-03-01 11:37:10,6.4942385,79.981557833,8.40486,11,6,1,6.4981055,79.980903167,2026-03-01 11:38:40,90.0,436.0314587602477,186.76256969621048,-96.76256969621048
-OmdMH5BwKv8ZJrUg5SV,2026-03-01 11:37:28,6.494679,79.981491333,8.10583,11,6,1,6.498753833,79.980769833,2026-03-01 11:38:58,90.0,460.0590073680151,204.3236073942896,-114.32360739428961
-Omd6dyE9e4Gl7E0U5Ug,2026-03-01 11:37:46,6.494997333,79.981439833,13.15177,11,6,1,6.499362667,79.980269333,2026-03-01 11:39:16,90.0,502.33369825277305,137.50250450775698,-47.50250450775698
-OmdZhyQgVYv9tT4ewLs,2026-03-01 11:38:04,6.495934,79.981221833,27.53681,11,6,1,6.5004525,79.979798167,2026-03-01 11:39:34,90.0,526.4784204545782,68.82868108675194,21.171318913248058
-OmdZwHSqum5GOfj645A,2026-03-01 11:38:22,6.497488167,79.9809465,0.0,11,6,1,6.50248,79.980091667,2026-03-01 11:39:52,90.0,563.0436313045878,405.39141453930324,-315.39141453930324
-OmdfjPt6GNdE0XJqPPo,2026-03-01 11:38:40,6.4981055,79.980903167,11.60112,11,6,1,6.502983167,79.980323167,2026-03-01 11:40:10,90.0,546.1439730766368,169.47659390437238,-79.47659390437238
-OmdMvnOB5CqJ4R91hiJ,2026-03-01 11:38:58,6.498753833,79.980769833,15.3857,11,6,1,6.503599167,79.980625667,2026-03-01 11:40:28,90.0,539.0119327755716,126.11990081647619,-36.11990081647619
-OmdwxCJpAuXD2y7JYSl,2026-03-01 11:39:16,6.499362667,79.980269333,0.0,11,6,1,6.5047895,79.980883,2026-03-01 11:40:46,90.0,607.2329855803526,437.20774961785395,-347.20774961785395
-OmdHHjsnUPK3Pcgmlcr,2026-03-01 11:39:34,6.5004525,79.979798167,38.48144,11,6,1,6.506323,79.9809695,2026-03-01 11:41:03,89.0,665.4734472935542,62.25610086984258,26.743899130157423
-Omdk7Jrfw1zqL3mmV1H,2026-03-01 11:39:52,6.50248,79.980091667,22.90595,11,6,1,6.506776667,79.981047167,2026-03-01 11:41:21,89.0,489.2906700605934,76.8990769742419,12.100923025758107
-OmdexLYNhGOLA37iXhk,2026-03-01 11:40:10,6.502983167,79.980323167,15.80871,11,6,1,6.5085295,79.981664333,2026-03-01 11:41:39,89.0,634.273685827533,144.4384310281559,-55.43843102815589
-OmdIFIgc33QV5aOpfHv,2026-03-01 11:40:28,6.503599167,79.980625667,0.0,11,6,1,6.5096425,79.981901833,2026-03-01 11:41:57,89.0,686.6190884866512,494.36574371038887,-405.36574371038887
-Omdy9tud8OUwMgbTvQ0,2026-03-01 11:40:46,6.5047895,79.980883,0.0,11,6,1,6.510018,79.981973667,2026-03-01 11:42:15,89.0,593.7380951726373,427.49142852429884,-338.49142852429884
-OmdHlWLC6pylEYPD15o,2026-03-01 11:41:03,6.506323,79.9809695,0.0,11,6,1,6.511078167,79.981848833,2026-03-01 11:42:33,90.0,537.6007853988871,387.0725654871987,-297.0725654871987
-OmdHCHzwvWlsG1vP0Jq,2026-03-01 11:41:21,6.506776667,79.981047167,0.0,11,6,1,6.51149,79.981715667,2026-03-01 11:42:51,90.0,529.2768395293866,381.07932446115836,-291.07932446115836
-OmdIjK8LvSQjclKyf1s,2026-03-01 11:41:39,6.5085295,79.981664333,0.0,11,6,1,6.5120085,79.981528333,2026-03-01 11:43:09,90.0,387.1388222958885,278.7399520530397,-188.7399520530397
-Omdwh8l8xtvdbEwSqj7,2026-03-01 11:41:57,6.5096425,79.981901833,12.7043,11,6,1,6.512435167,79.981422833,2026-03-01 11:43:27,90.0,315.00719540876514,89.26315526802378,0.7368447319762197
-OmdMdwHWFK2yCUSPu89,2026-03-01 11:42:15,6.510018,79.981973667,15.67511,11,6,1,6.513377667,79.9810755,2026-03-01 11:43:45,90.0,386.5314041439896,88.77213971183377,1.2278602881662266
-Omd5bqslhcjOldlqob7,2026-03-01 11:42:33,6.511078167,79.981848833,0.0,11,6,1,6.5138105,79.980839833,2026-03-01 11:44:03,90.0,323.62553507664,233.0103852551808,-143.0103852551808
-OmdPLto0rELQrVmbaVK,2026-03-01 11:42:51,6.51149,79.981715667,10.19221,11,6,1,6.514272167,79.980619,2026-03-01 11:44:21,90.0,332.2414080800007,117.35129761729817,-27.351297617298172
-Omd6Dk25NcLicszd8W8,2026-03-01 11:43:09,6.5120085,79.981528333,10.45771,11,6,1,6.515525,79.980440333,2026-03-01 11:44:39,90.0,409.07467334125465,140.82134846238006,-50.82134846238006
-OmdtmYBpoQv8Cg20zRu,2026-03-01 11:43:27,6.512435167,79.981422833,0.0,11,6,1,6.5163815,79.980327667,2026-03-01 11:44:57,90.0,455.18665133677024,327.7343889624746,-237.7343889624746
-OmdPRbeyzOg8HO3iZOV,2026-03-01 11:43:45,6.513377667,79.9810755,0.0,11,6,1,6.516719667,79.9802615,2026-03-01 11:45:15,90.0,382.33967110376733,275.28456319471246,-185.28456319471246
-Omdbm37aMeNqG0zW51v,2026-03-01 11:44:03,6.5138105,79.980839833,12.49029,11,6,1,6.517129833,79.9801455,2026-03-01 11:45:33,90.0,376.97970580428705,108.65455813239191,-18.654558132391912
-OmdRWRiaeuhN22vUucY,2026-03-01 11:44:21,6.514272167,79.980619,20.27565,11,6,1,6.517457833,79.980026,2026-03-01 11:45:51,90.0,360.2370449989151,63.96112390952173,26.03887609047827
-OmdphiyZmREl1OcbXNW,2026-03-01 11:44:39,6.515525,79.980440333,24.83613,11,6,1,6.518323,79.9796595,2026-03-01 11:46:09,90.0,322.8609429924434,46.79873212021343,43.20126787978657
-OmdWe9nEneuvIYtTXQC,2026-03-01 11:44:57,6.5163815,79.980327667,14.55988,11,6,1,6.521182167,79.979458833,2026-03-01 11:46:27,90.0,542.3708142605939,134.10377910656803,-44.10377910656803
-Omd2P4D40qn8M3TzE3S,2026-03-01 11:45:15,6.516719667,79.9802615,7.51749,11,6,1,6.521646167,79.9796505,2026-03-01 11:46:45,90.0,551.9449028524634,264.3171657386799,-174.31716573867988
-Omd5XtAORogHZgf8cq7,2026-03-01 11:45:33,6.517129833,79.9801455,9.77302,11,6,1,6.522650333,79.979895333,2026-03-01 11:47:03,90.0,614.4734356689578,226.34808568981214,-136.34808568981214
-Omd6M2gclXq3zAjWp96,2026-03-01 11:45:51,6.517457833,79.980026,16.32489,11,6,1,6.523103833,79.979864833,2026-03-01 11:47:21,90.0,628.0589867384987,138.50092418745822,-48.500924187458224
-OmdOjripmlsHNEUVXV3,2026-03-01 11:46:09,6.518323,79.9796595,0.0,11,6,1,6.523520167,79.979779,2026-03-01 11:47:38,89.0,578.0493784961451,416.1955525172245,-327.1955525172245
-OmdsatT1vK0YhB0gPoG,2026-03-01 11:46:27,6.521182167,79.979458833,36.01164,11,6,1,6.523849667,79.979687833,2026-03-01 11:47:56,89.0,297.6894115431782,29.75931897451606,59.24068102548394
-Omdu3T1vmliJzsFBBOR,2026-03-01 11:46:45,6.521646167,79.9796505,19.1431,11,6,1,6.527567167,79.978617833,2026-03-01 11:48:14,89.0,668.1961464987471,125.6591736654716,-36.6591736654716
-OmdZ9JxAwSPUZ8VngZF,2026-03-01 11:47:03,6.522650333,79.979895333,0.0,11,6,1,6.532548167,79.977188333,2026-03-01 11:48:32,89.0,1140.4950105187718,821.1564075735157,-732.1564075735157
-OmdQ8npZTY8Ec03Fh94,2026-03-01 11:47:21,6.523103833,79.979864833,9.76785,11,6,1,6.533205,79.976989667,2026-03-01 11:48:50,89.0,1167.2464786359883,430.19572609013835,-341.19572609013835
-OmdmwJc9DXiWZJfz7OV,2026-03-01 11:47:38,6.523520167,79.979779,0.0,11,6,1,6.53347,79.976907667,2026-03-01 11:49:08,90.0,1150.946194052708,828.6812597179498,-738.6812597179498
-Omd7luNmx1rT4he9yke,2026-03-01 11:47:56,6.523849667,79.979687833,45.87248,11,6,1,6.534233167,79.9766765,2026-03-01 11:49:26,90.0,1201.563726868305,94.29682931304121,-4.296829313041215
-Omd9vZGFfa3n4czsvCd,2026-03-01 11:48:14,6.527567167,79.978617833,0.0,11,6,1,6.535856167,79.976176667,2026-03-01 11:49:44,90.0,960.3386424922617,691.4438225944284,-601.4438225944284
-OmdGrUE6DzrXAeZPyNl,2026-03-01 11:48:32,6.532548167,79.977188333,0.0,11,6,1,6.537254167,79.975753833,2026-03-01 11:50:02,90.0,546.7531885704559,393.6622957707283,-303.6622957707283
-Omdfa3XzXDrIQNf6EEL,2026-03-01 11:48:50,6.533205,79.976989667,8.52302,11,6,1,6.5373655,79.975715833,2026-03-01 11:50:20,90.0,483.5559597640039,204.24702219992608,-114.24702219992608
-OmdNIjtUELwgAEPQMKH,2026-03-01 11:49:08,6.53347,79.976907667,11.44199,11,6,1,6.5375215,79.975666833,2026-03-01 11:50:38,90.0,470.89935940761757,148.15934062758515,-58.15934062758515
-Omd3ErWlgOmpt0sk5O3,2026-03-01 11:49:26,6.534233167,79.9766765,26.04373,11,6,1,6.5377555,79.9755995,2026-03-01 11:50:56,90.0,409.3382626404532,56.58243828766584,33.41756171233416
-Omdj7S9RMcIt78yRCeZ,2026-03-01 11:49:44,6.535856167,79.976176667,29.96968,11,6,1,6.538026667,79.975517833,2026-03-01 11:51:14,90.0,252.08424171876342,30.280712713233783,59.71928728676622
-OmdFmAyPHBmAnYzyReU,2026-03-01 11:50:02,6.537254167,79.975753833,13.11374,11,6,1,6.540046333,79.974839833,2026-03-01 11:51:32,90.0,326.4807695122853,89.62590155395998,0.37409844604002274
-OmdybBGMFoZmBEkHuME,2026-03-01 11:50:20,6.5373655,79.975715833,3.3295,11,6,1,6.540700333,79.974623167,2026-03-01 11:51:50,90.0,389.96849602976823,280.7773171414331,-190.77731714143312
-OmdFmMI7CgwDPn5jPfx,2026-03-01 11:50:38,6.5375215,79.975666833,5.24676,11,6,1,6.541671333,79.974353167,2026-03-01 11:52:08,90.0,483.72282996379107,331.9004848458187,-241.9004848458187
-Omdx2bCdRmE5k8N9UtQ,2026-03-01 11:50:56,6.5377555,79.9755995,6.7053,11,6,1,6.542647667,79.974187167,2026-03-01 11:52:26,90.0,565.9166885087775,303.83429207218154,-213.83429207218154
-Omdk6AH65kmRCxDAISi,2026-03-01 11:51:14,6.538026667,79.975517833,0.0,11,6,1,6.542932,79.974136667,2026-03-01 11:52:44,90.0,566.3868467649131,407.7985296707375,-317.7985296707375
-OmdIxX0HkvlSY2Y5Zhy,2026-03-01 11:51:32,6.540046333,79.974839833,32.51299,11,6,1,6.543501667,79.9739935,2026-03-01 11:53:02,90.0,395.427602359714,43.783711325687676,46.216288674312324
-OmdIWX2AirrZHi9mZI2,2026-03-01 11:51:50,6.540700333,79.974623167,16.68912,11,6,1,6.543863333,79.973892833,2026-03-01 11:53:20,90.0,360.8447996387638,77.83761388854234,12.162386111457664
-OmdrWvhEFecajfN8UYR,2026-03-01 11:52:08,6.541671333,79.974353167,25.26356,11,6,1,6.544222333,79.973798833,2026-03-01 11:53:38,90.0,290.1931386905949,41.35186407957317,48.64813592042683
-Omdyp6vNnMTJ252714l,2026-03-01 11:52:26,6.542647667,79.974187167,11.24629,11,6,1,6.544932333,79.9735965,2026-03-01 11:53:56,90.0,262.2893655943756,83.96028522648378,6.0397147735162235
-Omdr4hrU7ESZauYQu7h,2026-03-01 11:52:44,6.542932,79.974136667,8.67231,11,6,1,6.545234833,79.973505833,2026-03-01 11:54:14,90.0,265.37694904158275,110.1617696495741,-20.161769649574097
-Omd1ZUjWvW3t3Z8aT1y,2026-03-01 11:53:02,6.543501667,79.9739935,0.0,11,6,1,6.545666833,79.973378167,2026-03-01 11:54:31,89.0,250.16782315394576,180.12083267084097,-91.12083267084097
-OmdOV3cJmgdLzLXHhn8,2026-03-01 11:53:20,6.543863333,79.973892833,7.65375,11,6,1,6.546170333,79.973221833,2026-03-01 11:54:49,89.0,267.0216069019614,125.59566027725768,-36.59566027725768
-Omd4WiZo5LXq81a7yaR,2026-03-01 11:53:38,6.544222333,79.973798833,13.6746,11,6,1,6.546694833,79.973063333,2026-03-01 11:55:07,89.0,286.6843123244175,75.47303207171711,13.526967928282886
-OmdRgKbBD0zSebXCSm1,2026-03-01 11:53:56,6.544932333,79.9735965,8.94891,11,6,1,6.547278,79.972872667,2026-03-01 11:55:25,89.0,272.80805679486843,109.74621540070538,-20.74621540070538
-OmdjiMqWmbtzUEWLgLy,2026-03-01 11:54:14,6.545234833,79.973505833,8.18523,11,6,1,6.547544167,79.972794833,2026-03-01 11:55:43,89.0,268.52996689383605,118.1039360919375,-29.1039360919375
-Omd9Pu9VyrcuEfz8awV,2026-03-01 11:54:31,6.545666833,79.973378167,10.67832,11,6,1,6.547673,79.9727535,2026-03-01 11:56:01,90.0,233.5051794869145,78.72199429806301,11.27800570193699
-Omd94mBRHZL65PDEtTG,2026-03-01 11:54:49,6.546170333,79.973221833,13.66198,11,6,1,6.550215833,79.971723167,2026-03-01 11:56:19,90.0,479.337341612839,126.30778480177986,-36.30778480177986
-Omd7bS0GQuhPnW7YIpY,2026-03-01 11:55:07,6.546694833,79.973063333,12.63476,11,6,1,6.550629,79.971529667,2026-03-01 11:56:37,90.0,469.1214706129401,133.66595758103708,-43.66595758103708
-OmdAv3oYukPOdgt5R3T,2026-03-01 11:55:25,6.547278,79.972872667,0.0,11,6,1,6.551381667,79.9711985,2026-03-01 11:56:55,90.0,492.36198038568756,354.50062587769503,-264.50062587769503
-Omd2dRfXx8AIqLCF6D3,2026-03-01 11:55:43,6.547544167,79.972794833,4.17753,11,6,1,6.554709833,79.969890667,2026-03-01 11:57:13,90.0,858.9487164651891,618.4430758549362,-528.4430758549362
-OmdFSlYSjXWgWLw6QKU,2026-03-01 11:56:01,6.547673,79.9727535,35.85512,11,6,1,6.555113167,79.9697975,2026-03-01 11:57:31,90.0,889.4223176727639,89.3016211805162,0.698378819483807
-OmdFykSr4XP8BMrZUYC,2026-03-01 11:56:19,6.550215833,79.971723167,0.0,11,6,1,6.555824167,79.969689833,2026-03-01 11:57:49,90.0,662.8375233082962,477.2430167819733,-387.2430167819733
-OmdCl2iCm9gwE30u0W1,2026-03-01 11:56:37,6.550629,79.971529667,12.64561,11,6,1,6.5560115,79.969648333,2026-03-01 11:58:07,90.0,633.5635019820947,180.36524984840912,-90.36524984840912
-Omd5R6KZMe8Va9m5uVM,2026-03-01 11:56:55,6.551381667,79.9711985,63.52018,11,6,1,6.556901833,79.969523,2026-03-01 11:58:25,90.0,641.113327155565,36.33503522439693,53.66496477560307
-OmdAEWwlEkNw0anzP26,2026-03-01 11:57:13,6.554709833,79.969890667,44.46556,11,6,1,6.5572695,79.969466667,2026-03-01 11:58:43,90.0,288.45017691604875,23.353369144519384,66.64663085548062
-OmdUjPJ9Z1RWd7dohBw,2026-03-01 11:57:31,6.555113167,79.9697975,14.54369,11,6,1,6.557785,79.969388833,2026-03-01 11:59:01,90.0,300.5046320766901,74.38392013829257,15.616079861707433
-OmdsCv4NzD40JpFlwiW,2026-03-01 11:57:49,6.555824167,79.969689833,8.73238,11,6,1,6.5587495,79.969224,2026-03-01 11:59:19,90.0,329.32745563423805,135.76812281225247,-45.76812281225247
-Omdhv0OIweBs2R0ZhGb,2026-03-01 11:58:07,6.5560115,79.969648333,13.43305,11,6,1,6.559658,79.969103,2026-03-01 11:59:37,90.0,409.92295106188067,109.85759926619572,-19.85759926619572
-OmdYY0criQTqE8lSkKt,2026-03-01 11:58:25,6.556901833,79.969523,12.15098,11,6,1,6.560270167,79.969057167,2026-03-01 11:59:55,90.0,378.0601887128847,112.00879923811782,-22.008799238117817
-OmdHYIIYgrr0swTUHqQ,2026-03-01 11:58:43,6.5572695,79.969466667,10.97767,11,6,1,6.560500167,79.969030167,2026-03-01 12:00:13,90.0,362.45547632077125,118.86308431158675,-28.863084311586746
-OmdyaZeZxP9WoAa4BQw,2026-03-01 11:59:01,6.557785,79.969388833,18.8886,11,6,1,6.560751333,79.969000833,2026-03-01 12:00:31,90.0,332.61432422931057,63.39334663371123,26.606653366288768
-OmdwTwfdIxjVmrXcElQ,2026-03-01 11:59:19,6.5587495,79.969224,0.0,11,6,1,6.561453167,79.968845,2026-03-01 12:00:49,90.0,303.535295663761,218.54541287790795,-128.54541287790795
-Omds0BNfk9D0frIKJQN,2026-03-01 11:59:37,6.559658,79.969103,15.27747,11,6,1,6.561845,79.968744,2026-03-01 12:01:06,89.0,246.39570142276654,58.06095676325724,30.939043236742762
-OmdxJmkDU883wzIBWVo,2026-03-01 11:59:55,6.560270167,79.969057167,9.97384,11,6,1,6.562099667,79.968664667,2026-03-01 12:01:24,89.0,208.00035998950463,75.0765297981737,13.923470201826305
-Omdn8yovgmFWb9ij5Wx,2026-03-01 12:00:13,6.560500167,79.969030167,5.96473,12,6,1,6.562749333,79.968439,2026-03-01 12:01:42,89.0,258.4812738629018,156.0058185209467,-67.00581852094669
-Omdz2wg0olEMBWheEGj,2026-03-01 12:00:31,6.560751333,79.969000833,10.55225,12,6,1,6.563714833,79.968138333,2026-03-01 12:02:00,89.0,343.0236925642666,117.02578059005042,-28.025780590050417
-Omd4xxZIlkaeG3jMAnQ,2026-03-01 12:00:49,6.561453167,79.968845,0.0,12,6,1,6.564179167,79.967975833,2026-03-01 12:02:18,89.0,317.96031284016755,228.93142524492063,-139.93142524492063
-Omdrn0vYqswE0RDFiDr,2026-03-01 12:01:06,6.561845,79.968744,8.13276,12,6,1,6.565487333,79.967602833,2026-03-01 12:02:36,90.0,424.173831909373,187.76230884395244,-97.76230884395244
-OmdstEebe8SoqV0Qkad,2026-03-01 12:01:24,6.562099667,79.968664667,12.40446,12,6,1,6.566212333,79.967366167,2026-03-01 12:02:54,90.0,479.2758004405517,139.09455805298947,-49.09455805298947
-OmdRRpwjSrgkvY64Rql,2026-03-01 12:01:42,6.562749333,79.968439,17.76271,12,6,1,6.567119167,79.967060667,2026-03-01 12:03:12,90.0,509.20014750208475,103.20049874188707,-13.200498741887074
-OmducbDAxotHe3NP2wa,2026-03-01 12:02:00,6.563714833,79.968138333,0.0,12,6,1,6.5675875,79.966891667,2026-03-01 12:03:30,90.0,452.10558840825473,325.5160236539434,-235.51602365394342
-OmdWPncUhANl9hu30k8,2026-03-01 12:02:18,6.564179167,79.967975833,20.77316,12,6,1,6.569209,79.966218833,2026-03-01 12:03:48,90.0,592.0113983608537,102.59589942498268,-12.595899424982676
-Omdh9AqJtj7ySZefuUg,2026-03-01 12:02:36,6.565487333,79.967602833,24.80885,12,6,1,6.569487333,79.966063667,2026-03-01 12:04:06,90.0,476.1693684052966,69.09670243719752,20.90329756280248
-Omdsa0x8NWVGMfvQ3lu,2026-03-01 12:02:54,6.566212333,79.967366167,16.38712,12,6,1,6.570469,79.965574833,2026-03-01 12:04:24,90.0,513.0185467340842,112.702339901258,-22.702339901258
-OmdinJX0Ga5GxeGovaw,2026-03-01 12:03:12,6.567119167,79.967060667,14.95806,12,6,1,6.572399667,79.964673833,2026-03-01 12:04:42,90.0,643.645584209609,154.90806315488723,-64.90806315488723
-OmdpM8VGCSY1f59QnGF,2026-03-01 12:03:30,6.5675875,79.966891667,33.11091,12,6,1,6.572752,79.964520833,2026-03-01 12:05:00,90.0,631.1654248917415,68.6237717299304,21.376228270069603
-Omd2r9wGiUSNCZ32V5m,2026-03-01 12:03:48,6.569209,79.966218833,18.23355,12,6,1,6.573366,79.96426,2026-03-01 12:05:18,90.0,510.37653273060965,100.7678437731651,-10.767843773165097
-Omd391JYn52lWyOqwN2,2026-03-01 12:04:06,6.569487333,79.966063667,17.53096,12,6,1,6.574530833,79.963863833,2026-03-01 12:05:36,90.0,611.1956485141563,125.5096317971727,-35.5096317971727
-OmdImlHTeHSZpUJ7hQn,2026-03-01 12:04:24,6.570469,79.965574833,44.60915,12,6,1,6.575561833,79.963503333,2026-03-01 12:05:54,90.0,610.7814224866869,49.2906303068333,40.7093696931667
-OmdlrENELN67aoTXAdr,2026-03-01 12:04:42,6.572399667,79.964673833,28.15167,12,6,1,6.576106667,79.963311833,2026-03-01 12:06:12,90.0,438.798580417902,56.11300819825066,33.88699180174934
-OmdRLfBbyiFU7ezMUBp,2026-03-01 12:05:00,6.572752,79.964520833,13.81161,12,6,1,6.5792665,79.962278667,2026-03-01 12:06:30,90.0,765.5517130471654,199.5412675980422,-109.5412675980422
-Omd4kqSVBqrS5Eto0N5,2026-03-01 12:05:18,6.573366,79.96426,22.76866,12,6,1,6.579688667,79.962087167,2026-03-01 12:06:48,90.0,742.8902378899099,117.4599144790987,-27.4599144790987
-Omdwjfy3LGhaNwIfC0j,2026-03-01 12:05:36,6.574530833,79.963863833,30.17808,12,6,1,6.583866167,79.960921167,2026-03-01 12:07:06,90.0,1087.7459596668155,129.75926416791708,-39.75926416791708
-Omdqa5XhRpoMW3B8FO3,2026-03-01 12:05:54,6.575561833,79.963503333,15.91628,12,6,1,6.584306833,79.960771667,2026-03-01 12:07:24,90.0,1018.14147330837,230.2868072131259,-140.2868072131259
-OmdX3p7o9jVQ2l0TVdA,2026-03-01 12:06:12,6.576106667,79.963311833,57.15007,12,6,1,6.585099,79.9605365,2026-03-01 12:07:42,90.0,1045.8435070505761,65.87982526324244,24.120174736757562
